Raw_acc_X:,-0.58,Raw_acc_Y:,3.05,Raw_acc_Y:,-9.7,Raw_gyro_X:,65,Raw_gyro_Y:,50.37,Raw_gyro_Y:,45.12,Raw_acc_X_f:,-0.07,Raw_acc_Y_f:,0.34,Raw_acc_Y_f:,-1.08,Raw_gyro_X_f:,57.74,Raw_gyro_Y_f:,44.74,Raw_gyro_Y_f:,40.08,final:,10.19,Pitch:,-1.64,roll:,9.05
Raw_acc_X:,-0.51,Raw_acc_Y:,2.94,Raw_acc_Y:,-9.87,Raw_gyro_X:,-3.72,Raw_gyro_Y:,-0.73,Raw_gyro_Y:,0.61,Raw_acc_X_f:,-0.11,Raw_acc_Y_f:,0.63,Raw_acc_Y_f:,-2.06,Raw_gyro_X_f:,-9.75,Raw_gyro_Y_f:,-5.64,Raw_gyro_Y_f:,-3.93,final:,10.31,Pitch:,-2.34,roll:,16.37
Raw_acc_X:,-0.34,Raw_acc_Y:,3.12,Raw_acc_Y:,-9.91,Raw_gyro_X:,-5.61,Raw_gyro_Y:,-2.38,Raw_gyro_Y:,-0.67,Raw_acc_X_f:,-0.14,Raw_acc_Y_f:,0.91,Raw_acc_Y_f:,-2.94,Raw_gyro_X_f:,-10.34,Raw_gyro_Y_f:,-6.48,Raw_gyro_Y_f:,-4.63,final:,10.39,Pitch:,-2.47,roll:,22.14
Raw_acc_X:,-0.26,Raw_acc_Y:,3.04,Raw_acc_Y:,-9.83,Raw_gyro_X:,-2.01,Raw_gyro_Y:,-1.04,Raw_gyro_Y:,0.06,Raw_acc_X_f:,-0.15,Raw_acc_Y_f:,1.15,Raw_acc_Y_f:,-3.71,Raw_gyro_X_f:,-5.99,Raw_gyro_Y_f:,-4.56,Raw_gyro_Y_f:,-3.46,final:,10.29,Pitch:,-2.37,roll:,26.45
Raw_acc_X:,-0.42,Raw_acc_Y:,1.6,Raw_acc_Y:,-10.37,Raw_gyro_X:,36.4,Raw_gyro_Y:,1.65,Raw_gyro_Y:,-2.5,Raw_acc_X_f:,-0.18,Raw_acc_Y_f:,1.2,Raw_acc_Y_f:,-4.45,Raw_gyro_X_f:,28.8,Raw_gyro_Y_f:,-1.67,Raw_gyro_Y_f:,-5.35,final:,10.5,Pitch:,-2.32,roll:,28
Raw_acc_X:,-0.38,Raw_acc_Y:,-0.22,Raw_acc_Y:,-10.75,Raw_gyro_X:,79.08,Raw_gyro_Y:,-6.1,Raw_gyro_Y:,-0.79,Raw_acc_X_f:,-0.21,Raw_acc_Y_f:,1.04,Raw_acc_Y_f:,-5.16,Raw_gyro_X_f:,63.51,Raw_gyro_Y_f:,-8.36,Raw_gyro_Y_f:,-3.24,final:,10.76,Pitch:,-2.28,roll:,26.29
Raw_acc_X:,-0.37,Raw_acc_Y:,-3.23,Raw_acc_Y:,-9.75,Raw_gyro_X:,47.87,Raw_gyro_Y:,-2.26,Raw_gyro_Y:,2.01,Raw_acc_X_f:,-0.22,Raw_acc_Y_f:,0.56,Raw_acc_Y_f:,-5.67,Raw_gyro_X_f:,28.68,Raw_gyro_Y_f:,-4.02,Raw_gyro_Y_f:,-0.39,final:,10.28,Pitch:,-2.26,roll:,19.79
Raw_acc_X:,-0.32,Raw_acc_Y:,-5.65,Raw_acc_Y:,-8.21,Raw_gyro_X:,57.26,Raw_gyro_Y:,-3.35,Raw_gyro_Y:,-2.13,Raw_acc_X_f:,-0.23,Raw_acc_Y_f:,-0.13,Raw_acc_Y_f:,-5.95,Raw_gyro_X_f:,33.82,Raw_gyro_Y_f:,-4.54,Raw_gyro_Y_f:,-4.03,final:,9.97,Pitch:,-2.26,roll:,8.35
Raw_acc_X:,-0.21,Raw_acc_Y:,-7.27,Raw_acc_Y:,-6.25,Raw_gyro_X:,37.56,Raw_gyro_Y:,-1.65,Raw_gyro_Y:,-5.18,Raw_acc_X_f:,-0.23,Raw_acc_Y_f:,-0.93,Raw_acc_Y_f:,-5.98,Raw_gyro_X_f:,12.55,Raw_gyro_Y_f:,-2.52,Raw_gyro_Y_f:,-6.28,final:,9.59,Pitch:,-2.22,roll:,-6.21
Raw_acc_X:,-0.15,Raw_acc_Y:,-5.13,Raw_acc_Y:,-4.56,Raw_gyro_X:,-25.55,Raw_gyro_Y:,0.67,Raw_gyro_Y:,-2.56,Raw_acc_X_f:,-0.22,Raw_acc_Y_f:,-1.4,Raw_acc_Y_f:,-5.83,Raw_gyro_X_f:,-44.91,Raw_gyro_Y_f:,-0.18,Raw_gyro_Y_f:,-3.25,final:,6.87,Pitch:,-2.17,roll:,-18.14
Raw_acc_X:,-0.24,Raw_acc_Y:,4.58,Raw_acc_Y:,-23.15,Raw_gyro_X:,-446.46,Raw_gyro_Y:,21.52,Raw_gyro_Y:,11.59,Raw_acc_X_f:,-0.22,Raw_acc_Y_f:,-0.73,Raw_acc_Y_f:,-7.76,Raw_gyro_X_f:,-413.82,Raw_gyro_Y_f:,18.37,Raw_gyro_Y_f:,9.68,final:,23.6,Pitch:,-1.91,roll:,-16.41
Raw_acc_X:,-0.97,Raw_acc_Y:,2.63,Raw_acc_Y:,-13.76,Raw_gyro_X:,291.58,Raw_gyro_Y:,-9.76,Raw_gyro_Y:,-5.18,Raw_acc_X_f:,-0.31,Raw_acc_Y_f:,-0.36,Raw_acc_Y_f:,-8.43,Raw_gyro_X_f:,288.02,Raw_gyro_Y_f:,-11.47,Raw_gyro_Y_f:,-6.3,final:,14.05,Pitch:,-2,roll:,-11.69
Raw_acc_X:,0.24,Raw_acc_Y:,4.75,Raw_acc_Y:,-6.33,Raw_gyro_X:,37.56,Raw_gyro_Y:,-3.11,Raw_gyro_Y:,-2.87,Raw_acc_X_f:,-0.25,Raw_acc_Y_f:,0.22,Raw_acc_Y_f:,-8.2,Raw_gyro_X_f:,30.21,Raw_gyro_Y_f:,-4.29,Raw_gyro_Y_f:,-3.54,final:,7.92,Pitch:,-1.86,roll:,-3.7
Raw_acc_X:,-0.21,Raw_acc_Y:,2.77,Raw_acc_Y:,-15.61,Raw_gyro_X:,-292.56,Raw_gyro_Y:,11.04,Raw_gyro_Y:,10.98,Raw_acc_X_f:,-0.24,Raw_acc_Y_f:,0.5,Raw_acc_Y_f:,-9.02,Raw_gyro_X_f:,-266.43,Raw_gyro_Y_f:,8.76,Raw_gyro_Y_f:,9.15,final:,15.86,Pitch:,-1.7,roll:,2.87
Raw_acc_X:,0.06,Raw_acc_Y:,3.39,Raw_acc_Y:,-13.92,Raw_gyro_X:,245.24,Raw_gyro_Y:,-4.33,Raw_gyro_Y:,-6.71,Raw_acc_X_f:,-0.21,Raw_acc_Y_f:,0.82,Raw_acc_Y_f:,-9.57,Raw_gyro_X_f:,241.07,Raw_gyro_Y_f:,-5.87,Raw_gyro_Y_f:,-7.58,final:,14.32,Pitch:,-1.47,roll:,8.88
Raw_acc_X:,0.14,Raw_acc_Y:,4.34,Raw_acc_Y:,-8.19,Raw_gyro_X:,-42.32,Raw_gyro_Y:,2.56,Raw_gyro_Y:,6.28,Raw_acc_X_f:,-0.17,Raw_acc_Y_f:,1.21,Raw_acc_Y_f:,-9.42,Raw_gyro_X_f:,-41.29,Raw_gyro_Y_f:,0.91,Raw_gyro_Y_f:,4.81,final:,9.27,Pitch:,-1.25,roll:,15.24
Raw_acc_X:,-0.31,Raw_acc_Y:,1.8,Raw_acc_Y:,-11.48,Raw_gyro_X:,-164.02,Raw_gyro_Y:,2.68,Raw_gyro_Y:,4.15,Raw_acc_X_f:,-0.18,Raw_acc_Y_f:,1.28,Raw_acc_Y_f:,-9.65,Raw_gyro_X_f:,-144.8,Raw_gyro_Y_f:,0.91,Raw_gyro_Y_f:,2.37,final:,11.62,Pitch:,-1.17,roll:,18.82
Raw_acc_X:,0.41,Raw_acc_Y:,3.93,Raw_acc_Y:,-12.17,Raw_gyro_X:,187.44,Raw_gyro_Y:,-4.82,Raw_gyro_Y:,-4.7,Raw_acc_X_f:,-0.12,Raw_acc_Y_f:,1.58,Raw_acc_Y_f:,-9.93,Raw_gyro_X_f:,183.59,Raw_gyro_Y_f:,-5.85,Raw_gyro_Y_f:,-5.75,final:,12.8,Pitch:,-0.92,roll:,22.69
Raw_acc_X:,0.34,Raw_acc_Y:,3.78,Raw_acc_Y:,-9.5,Raw_gyro_X:,-86.71,Raw_gyro_Y:,8.9,Raw_gyro_Y:,4.39,Raw_acc_X_f:,-0.07,Raw_acc_Y_f:,1.82,Raw_acc_Y_f:,-9.88,Raw_gyro_X_f:,-80.45,Raw_gyro_Y_f:,6.99,Raw_gyro_Y_f:,2.97,final:,10.23,Pitch:,-0.65,roll:,26.4
Raw_acc_X:,0.23,Raw_acc_Y:,1.48,Raw_acc_Y:,-10.1,Raw_gyro_X:,-60.49,Raw_gyro_Y:,5.61,Raw_gyro_Y:,2.38,Raw_acc_X_f:,-0.03,Raw_acc_Y_f:,1.78,Raw_acc_Y_f:,-9.9,Raw_gyro_X_f:,-48.18,Raw_gyro_Y_f:,3.28,Raw_gyro_Y_f:,0.85,final:,10.21,Pitch:,-0.42,roll:,27.97
Raw_acc_X:,-0.52,Raw_acc_Y:,3.87,Raw_acc_Y:,-10.09,Raw_gyro_X:,127.01,Raw_gyro_Y:,-19.63,Raw_gyro_Y:,-8.05,Raw_acc_X_f:,-0.09,Raw_acc_Y_f:,2.02,Raw_acc_Y_f:,-9.93,Raw_gyro_X_f:,123.77,Raw_gyro_Y_f:,-19.51,Raw_gyro_Y_f:,-8.51,final:,10.82,Pitch:,-0.46,roll:,30.3
Raw_acc_X:,0.05,Raw_acc_Y:,3.04,Raw_acc_Y:,-10.45,Raw_gyro_X:,-97.68,Raw_gyro_Y:,-4.02,Raw_gyro_Y:,3.35,Raw_acc_X_f:,-0.07,Raw_acc_Y_f:,2.13,Raw_acc_Y_f:,-9.98,Raw_gyro_X_f:,-89.66,Raw_gyro_Y_f:,-3.46,Raw_gyro_Y_f:,2.57,final:,10.88,Pitch:,-0.43,roll:,32.15
Raw_acc_X:,0.13,Raw_acc_Y:,1.5,Raw_acc_Y:,-10.13,Raw_gyro_X:,17.19,Raw_gyro_Y:,0.67,Raw_gyro_Y:,-2.26,Raw_acc_X_f:,-0.05,Raw_acc_Y_f:,2.06,Raw_acc_Y_f:,-10,Raw_gyro_X_f:,22.4,Raw_gyro_Y_f:,1.09,Raw_gyro_Y_f:,-2.7,final:,10.24,Pitch:,-0.36,roll:,32.61
Raw_acc_X:,0.35,Raw_acc_Y:,3.03,Raw_acc_Y:,-9.83,Raw_gyro_X:,63.9,Raw_gyro_Y:,0.43,Raw_gyro_Y:,-3.54,Raw_acc_X_f:,0,Raw_acc_Y_f:,2.17,Raw_acc_Y_f:,-9.98,Raw_gyro_X_f:,61.4,Raw_gyro_Y_f:,0.76,Raw_gyro_Y_f:,-3.54,final:,10.29,Pitch:,-0.19,roll:,33.54
Raw_acc_X:,0.52,Raw_acc_Y:,1.98,Raw_acc_Y:,-10.56,Raw_gyro_X:,-83.41,Raw_gyro_Y:,-2.26,Raw_gyro_Y:,2.32,Raw_acc_X_f:,0.05,Raw_acc_Y_f:,2.15,Raw_acc_Y_f:,-10.05,Raw_gyro_X_f:,-76.33,Raw_gyro_Y_f:,-1.71,Raw_gyro_Y_f:,2.06,final:,10.75,Pitch:,0.05,roll:,33.83
Raw_acc_X:,-0.18,Raw_acc_Y:,1.95,Raw_acc_Y:,-9.89,Raw_gyro_X:,37.19,Raw_gyro_Y:,2.93,Raw_gyro_Y:,0.73,Raw_acc_X_f:,0.03,Raw_acc_Y_f:,2.13,Raw_acc_Y_f:,-10.03,Raw_gyro_X_f:,39.34,Raw_gyro_Y_f:,3.08,Raw_gyro_Y_f:,0.42,final:,10.08,Pitch:,0.1,roll:,33.85
Raw_acc_X:,0.1,Raw_acc_Y:,2.91,Raw_acc_Y:,-9.76,Raw_gyro_X:,-0.49,Raw_gyro_Y:,0.49,Raw_gyro_Y:,0.49,Raw_acc_X_f:,0.04,Raw_acc_Y_f:,2.21,Raw_acc_Y_f:,-10,Raw_gyro_X_f:,1.47,Raw_gyro_Y_f:,0.57,Raw_gyro_Y_f:,0.16,final:,10.18,Pitch:,0.15,roll:,34.42
Raw_acc_X:,0.24,Raw_acc_Y:,1.71,Raw_acc_Y:,-10.11,Raw_gyro_X:,-36.77,Raw_gyro_Y:,-0.67,Raw_gyro_Y:,4.21,Raw_acc_X_f:,0.06,Raw_acc_Y_f:,2.16,Raw_acc_Y_f:,-10.01,Raw_gyro_X_f:,-30.92,Raw_gyro_Y_f:,-0.52,Raw_gyro_Y_f:,3.44,final:,10.25,Pitch:,0.24,roll:,34.35
Raw_acc_X:,0.31,Raw_acc_Y:,2.37,Raw_acc_Y:,-10.13,Raw_gyro_X:,26.22,Raw_gyro_Y:,-0.3,Raw_gyro_Y:,0.37,Raw_acc_X_f:,0.09,Raw_acc_Y_f:,2.18,Raw_acc_Y_f:,-10.02,Raw_gyro_X_f:,28.48,Raw_gyro_Y_f:,-0.14,Raw_gyro_Y_f:,-0.35,final:,10.41,Pitch:,0.36,roll:,34.45
Raw_acc_X:,-0.31,Raw_acc_Y:,2.23,Raw_acc_Y:,-10,Raw_gyro_X:,-22.07,Raw_gyro_Y:,-0.43,Raw_gyro_Y:,1.04,Raw_acc_X_f:,0.04,Raw_acc_Y_f:,2.19,Raw_acc_Y_f:,-10.02,Raw_gyro_X_f:,-17.6,Raw_gyro_Y_f:,-0.23,Raw_gyro_Y_f:,0.28,final:,10.25,Pitch:,0.3,roll:,34.54
Raw_acc_X:,-0.1,Raw_acc_Y:,0.3,Raw_acc_Y:,-10.71,Raw_gyro_X:,9.76,Raw_gyro_Y:,4.39,Raw_gyro_Y:,4.09,Raw_acc_X_f:,0.03,Raw_acc_Y_f:,1.98,Raw_acc_Y_f:,-10.1,Raw_gyro_X_f:,12.64,Raw_gyro_Y_f:,4.07,Raw_gyro_Y_f:,2.96,final:,10.71,Pitch:,0.22,roll:,33.2
Raw_acc_X:,0.38,Raw_acc_Y:,-2.25,Raw_acc_Y:,-11.93,Raw_gyro_X:,128.9,Raw_gyro_Y:,4.57,Raw_gyro_Y:,4.51,Raw_acc_X_f:,0.07,Raw_acc_Y_f:,1.5,Raw_acc_Y_f:,-10.3,Raw_gyro_X_f:,117.08,Raw_gyro_Y_f:,3.78,Raw_gyro_Y_f:,3.01,final:,12.15,Pitch:,0.29,roll:,29.15
Raw_acc_X:,1.19,Raw_acc_Y:,-5.31,Raw_acc_Y:,-9.22,Raw_gyro_X:,92.8,Raw_gyro_Y:,14.21,Raw_gyro_Y:,-1.71,Raw_acc_X_f:,0.19,Raw_acc_Y_f:,0.74,Raw_acc_Y_f:,-10.18,Raw_gyro_X_f:,71.94,Raw_gyro_Y_f:,11.92,Raw_gyro_Y_f:,-2.85,final:,10.71,Pitch:,0.68,roll:,21.12
Raw_acc_X:,-0.05,Raw_acc_Y:,-7.87,Raw_acc_Y:,-4.69,Raw_gyro_X:,2.01,Raw_gyro_Y:,7.87,Raw_gyro_Y:,8.96,Raw_acc_X_f:,0.17,Raw_acc_Y_f:,-0.22,Raw_acc_Y_f:,-9.57,Raw_gyro_X_f:,-16.75,Raw_gyro_Y_f:,4.95,Raw_gyro_Y_f:,6.94,final:,9.16,Pitch:,0.84,roll:,8.54
Raw_acc_X:,1.46,Raw_acc_Y:,5.06,Raw_acc_Y:,-14.08,Raw_gyro_X:,-373.11,Raw_gyro_Y:,4.09,Raw_gyro_Y:,5.61,Raw_acc_X_f:,0.31,Raw_acc_Y_f:,0.37,Raw_acc_Y_f:,-10.07,Raw_gyro_X_f:,-348.12,Raw_gyro_Y_f:,1.04,Raw_gyro_Y_f:,3.19,final:,15.03,Pitch:,1.3,roll:,7.6
Raw_acc_X:,-1.54,Raw_acc_Y:,-2.27,Raw_acc_Y:,-7.57,Raw_gyro_X:,-101.95,Raw_gyro_Y:,19.15,Raw_gyro_Y:,-5.12,Raw_acc_X_f:,0.1,Raw_acc_Y_f:,0.08,Raw_acc_Y_f:,-9.79,Raw_gyro_X_f:,-68.37,Raw_gyro_Y_f:,14.31,Raw_gyro_Y_f:,-6.7,final:,8.06,Pitch:,0.95,roll:,4.49
Raw_acc_X:,-0.29,Raw_acc_Y:,6.49,Raw_acc_Y:,-18.2,Raw_gyro_X:,355.91,Raw_gyro_Y:,-12.07,Raw_gyro_Y:,-7.5,Raw_acc_X_f:,0.06,Raw_acc_Y_f:,0.79,Raw_acc_Y_f:,-10.73,Raw_gyro_X_f:,346.01,Raw_gyro_Y_f:,-15.03,Raw_gyro_Y_f:,-8.06,final:,19.32,Pitch:,0.63,roll:,9.03
Raw_acc_X:,-0.24,Raw_acc_Y:,4.2,Raw_acc_Y:,-12.88,Raw_gyro_X:,-281.22,Raw_gyro_Y:,16.1,Raw_gyro_Y:,14.88,Raw_acc_X_f:,0.03,Raw_acc_Y_f:,1.17,Raw_acc_Y_f:,-10.97,Raw_gyro_X_f:,-258.62,Raw_gyro_Y_f:,11.68,Raw_gyro_Y_f:,12.72,final:,13.55,Pitch:,0.38,roll:,14.26
Raw_acc_X:,-0.03,Raw_acc_Y:,-1.07,Raw_acc_Y:,-8.45,Raw_gyro_X:,-3.72,Raw_gyro_Y:,-2.01,Raw_gyro_Y:,-1.16,Raw_acc_X_f:,0.02,Raw_acc_Y_f:,0.92,Raw_acc_Y_f:,-10.69,Raw_gyro_X_f:,16.77,Raw_gyro_Y_f:,-5.71,Raw_gyro_Y_f:,-2.95,final:,8.52,Pitch:,0.24,roll:,15
Raw_acc_X:,0.03,Raw_acc_Y:,4.81,Raw_acc_Y:,-12.29,Raw_gyro_X:,215.67,Raw_gyro_Y:,-13.9,Raw_gyro_Y:,-8.29,Raw_acc_X_f:,0.02,Raw_acc_Y_f:,1.36,Raw_acc_Y_f:,-10.87,Raw_gyro_X_f:,209.79,Raw_gyro_Y_f:,-15.64,Raw_gyro_Y_f:,-8.96,final:,13.2,Pitch:,0.18,roll:,18.67
Raw_acc_X:,-0.25,Raw_acc_Y:,2.99,Raw_acc_Y:,-13.37,Raw_gyro_X:,-233.84,Raw_gyro_Y:,11.59,Raw_gyro_Y:,11.95,Raw_acc_X_f:,-0.01,Raw_acc_Y_f:,1.54,Raw_acc_Y_f:,-11.15,Raw_gyro_X_f:,-212.95,Raw_gyro_Y_f:,8.75,Raw_gyro_Y_f:,10.03,final:,13.7,Pitch:,0.06,roll:,21.7
Raw_acc_X:,-0.23,Raw_acc_Y:,0.94,Raw_acc_Y:,-9.94,Raw_gyro_X:,85.79,Raw_gyro_Y:,-0.37,Raw_gyro_Y:,-2.87,Raw_acc_X_f:,-0.03,Raw_acc_Y_f:,1.47,Raw_acc_Y_f:,-11.01,Raw_gyro_X_f:,94.77,Raw_gyro_Y_f:,-2.84,Raw_gyro_Y_f:,-4.26,final:,9.99,Pitch:,-0.06,roll:,22.8
Raw_acc_X:,0.22,Raw_acc_Y:,3.95,Raw_acc_Y:,-9.45,Raw_gyro_X:,68.17,Raw_gyro_Y:,-4.39,Raw_gyro_Y:,-3.29,Raw_acc_X_f:,-0.01,Raw_acc_Y_f:,1.75,Raw_acc_Y_f:,-10.84,Raw_gyro_X_f:,68.53,Raw_gyro_Y_f:,-6.1,Raw_gyro_Y_f:,-4.16,final:,10.25,Pitch:,-0.05,roll:,25.39
Raw_acc_X:,-0.17,Raw_acc_Y:,1.82,Raw_acc_Y:,-11.79,Raw_gyro_X:,-149.82,Raw_gyro_Y:,8.11,Raw_gyro_Y:,5.73,Raw_acc_X_f:,-0.02,Raw_acc_Y_f:,1.76,Raw_acc_Y_f:,-10.95,Raw_gyro_X_f:,-132.77,Raw_gyro_Y_f:,5.68,Raw_gyro_Y_f:,4.32,final:,11.93,Pitch:,-0.09,roll:,26.68
Raw_acc_X:,-0.18,Raw_acc_Y:,2.32,Raw_acc_Y:,-10.72,Raw_gyro_X:,109.94,Raw_gyro_Y:,-2.74,Raw_gyro_Y:,-4.7,Raw_acc_X_f:,-0.04,Raw_acc_Y_f:,1.82,Raw_acc_Y_f:,-10.92,Raw_gyro_X_f:,112.81,Raw_gyro_Y_f:,-4.59,Raw_gyro_Y_f:,-5.42,final:,10.97,Pitch:,-0.15,roll:,27.76
Raw_acc_X:,-0.13,Raw_acc_Y:,3.11,Raw_acc_Y:,-9.59,Raw_gyro_X:,-34.57,Raw_gyro_Y:,-0.12,Raw_gyro_Y:,2.38,Raw_acc_X_f:,-0.05,Raw_acc_Y_f:,1.96,Raw_acc_Y_f:,-10.77,Raw_gyro_X_f:,-28.16,Raw_gyro_Y_f:,-1.75,Raw_gyro_Y_f:,1.46,final:,10.09,Pitch:,-0.21,roll:,29.33
Raw_acc_X:,-0.06,Raw_acc_Y:,1.3,Raw_acc_Y:,-10.39,Raw_gyro_X:,-47.74,Raw_gyro_Y:,1.22,Raw_gyro_Y:,2.5,Raw_acc_X_f:,-0.05,Raw_acc_Y_f:,1.89,Raw_acc_Y_f:,-10.73,Raw_gyro_X_f:,-36.72,Raw_gyro_Y_f:,-0.36,Raw_gyro_Y_f:,1.41,final:,10.47,Pitch:,-0.25,roll:,29.66
Raw_acc_X:,0.02,Raw_acc_Y:,2.93,Raw_acc_Y:,-10.26,Raw_gyro_X:,66.46,Raw_gyro_Y:,-2.44,Raw_gyro_Y:,-2.74,Raw_acc_X_f:,-0.04,Raw_acc_Y_f:,2.01,Raw_acc_Y_f:,-10.68,Raw_gyro_X_f:,68.84,Raw_gyro_Y_f:,-3.57,Raw_gyro_Y_f:,-3.41,final:,10.67,Pitch:,-0.24,roll:,30.6
Raw_acc_X:,-0.28,Raw_acc_Y:,2.31,Raw_acc_Y:,-9.69,Raw_gyro_X:,-56.34,Raw_gyro_Y:,1.59,Raw_gyro_Y:,3.66,Raw_acc_X_f:,-0.07,Raw_acc_Y_f:,2.04,Raw_acc_Y_f:,-10.57,Raw_gyro_X_f:,-47.94,Raw_gyro_Y_f:,0.4,Raw_gyro_Y_f:,2.66,final:,9.96,Pitch:,-0.31,roll:,31.36
Raw_acc_X:,-0.16,Raw_acc_Y:,1.95,Raw_acc_Y:,-10.13,Raw_gyro_X:,14.45,Raw_gyro_Y:,-0.91,Raw_gyro_Y:,-1.28,Raw_acc_X_f:,-0.08,Raw_acc_Y_f:,2.03,Raw_acc_Y_f:,-10.52,Raw_gyro_X_f:,20.3,Raw_gyro_Y_f:,-1.86,Raw_gyro_Y_f:,-2.02,final:,10.31,Pitch:,-0.37,roll:,31.71
Raw_acc_X:,-0.24,Raw_acc_Y:,2.93,Raw_acc_Y:,-9.85,Raw_gyro_X:,5.37,Raw_gyro_Y:,-1.95,Raw_gyro_Y:,-0.49,Raw_acc_X_f:,-0.1,Raw_acc_Y_f:,2.13,Raw_acc_Y_f:,-10.44,Raw_gyro_X_f:,9.96,Raw_gyro_Y_f:,-2.58,Raw_gyro_Y_f:,-1.09,final:,10.28,Pitch:,-0.45,roll:,32.56
Raw_acc_X:,-0.1,Raw_acc_Y:,2,Raw_acc_Y:,-10.23,Raw_gyro_X:,-22.26,Raw_gyro_Y:,2.01,Raw_gyro_Y:,1.77,Raw_acc_X_f:,-0.1,Raw_acc_Y_f:,2.12,Raw_acc_Y_f:,-10.42,Raw_gyro_X_f:,-15.69,Raw_gyro_Y_f:,1.23,Raw_gyro_Y_f:,1.03,final:,10.42,Pitch:,-0.49,roll:,32.9
Raw_acc_X:,-0.23,Raw_acc_Y:,2.51,Raw_acc_Y:,-9.95,Raw_gyro_X:,8.9,Raw_gyro_Y:,-1.46,Raw_gyro_Y:,-0.67,Raw_acc_X_f:,-0.11,Raw_acc_Y_f:,2.16,Raw_acc_Y_f:,-10.37,Raw_gyro_X_f:,13.74,Raw_gyro_Y_f:,-1.99,Raw_gyro_Y_f:,-1.25,final:,10.26,Pitch:,-0.55,roll:,33.38
Raw_acc_X:,-0.29,Raw_acc_Y:,2.21,Raw_acc_Y:,-10.05,Raw_gyro_X:,-5.24,Raw_gyro_Y:,2.56,Raw_gyro_Y:,1.28,Raw_acc_X_f:,-0.13,Raw_acc_Y_f:,2.17,Raw_acc_Y_f:,-10.33,Raw_gyro_X_f:,-0.36,Raw_gyro_Y_f:,1.8,Raw_gyro_Y_f:,0.62,final:,10.3,Pitch:,-0.63,roll:,33.67
Raw_acc_X:,-0.3,Raw_acc_Y:,2.1,Raw_acc_Y:,-10.09,Raw_gyro_X:,21.71,Raw_gyro_Y:,0.06,Raw_gyro_Y:,-1.59,Raw_acc_X_f:,-0.15,Raw_acc_Y_f:,2.16,Raw_acc_Y_f:,-10.3,Raw_gyro_X_f:,23.62,Raw_gyro_Y_f:,-0.62,Raw_gyro_Y_f:,-1.99,final:,10.31,Pitch:,-0.73,roll:,33.79
Raw_acc_X:,0.65,Raw_acc_Y:,-1.7,Raw_acc_Y:,-11.63,Raw_gyro_X:,98.9,Raw_gyro_Y:,2.07,Raw_gyro_Y:,-2.38,Raw_acc_X_f:,-0.06,Raw_acc_Y_f:,1.73,Raw_acc_Y_f:,-10.45,Raw_gyro_X_f:,89.56,Raw_gyro_Y_f:,1.24,Raw_gyro_Y_f:,-2.47,final:,11.78,Pitch:,-0.53,roll:,30.95
Raw_acc_X:,-0.3,Raw_acc_Y:,-5.04,Raw_acc_Y:,-8.77,Raw_gyro_X:,97.86,Raw_gyro_Y:,-9.21,Raw_gyro_Y:,2.74,Raw_acc_X_f:,-0.09,Raw_acc_Y_f:,0.97,Raw_acc_Y_f:,-10.27,Raw_gyro_X_f:,78.64,Raw_gyro_Y_f:,-8.92,Raw_gyro_Y_f:,2.35,final:,10.12,Pitch:,-0.51,roll:,23.91
Raw_acc_X:,-1.59,Raw_acc_Y:,-6.84,Raw_acc_Y:,-5.11,Raw_gyro_X:,19.76,Raw_gyro_Y:,-13.54,Raw_gyro_Y:,76.16,Raw_acc_X_f:,-0.26,Raw_acc_Y_f:,0.1,Raw_acc_Y_f:,-9.69,Raw_gyro_X_f:,0.48,Raw_gyro_Y_f:,-11.77,Raw_gyro_Y_f:,67.31,final:,8.68,Pitch:,-1.01,roll:,12.88
Raw_acc_X:,-0.75,Raw_acc_Y:,-4.05,Raw_acc_Y:,-4.14,Raw_gyro_X:,-83.05,Raw_gyro_Y:,18.35,Raw_gyro_Y:,2.01,Raw_acc_X_f:,-0.31,Raw_acc_Y_f:,-0.36,Raw_acc_Y_f:,-9.07,Raw_gyro_X_f:,-90.9,Raw_gyro_Y_f:,17.87,Raw_gyro_Y_f:,-6.07,final:,5.83,Pitch:,-1.48,roll:,3.01
Raw_acc_X:,1.35,Raw_acc_Y:,1.38,Raw_acc_Y:,-20.15,Raw_gyro_X:,-373.9,Raw_gyro_Y:,95.79,Raw_gyro_Y:,27.13,Raw_acc_X_f:,-0.12,Raw_acc_Y_f:,-0.17,Raw_acc_Y_f:,-10.31,Raw_gyro_X_f:,-339.14,Raw_gyro_Y_f:,84.67,Raw_gyro_Y_f:,16.92,final:,20.24,Pitch:,-1.09,roll:,0.01
Raw_acc_X:,-1.04,Raw_acc_Y:,5.41,Raw_acc_Y:,-18.69,Raw_gyro_X:,336.76,Raw_gyro_Y:,-82.19,Raw_gyro_Y:,-17.99,Raw_acc_X_f:,-0.23,Raw_acc_Y_f:,0.46,Raw_acc_Y_f:,-11.24,Raw_gyro_X_f:,330.05,Raw_gyro_Y_f:,-82.9,Raw_gyro_Y_f:,-25.05,final:,19.49,Pitch:,-1.12,roll:,3.87
Raw_acc_X:,0.97,Raw_acc_Y:,3.42,Raw_acc_Y:,-10.33,Raw_gyro_X:,-192.38,Raw_gyro_Y:,58.54,Raw_gyro_Y:,17.74,Raw_acc_X_f:,-0.09,Raw_acc_Y_f:,0.79,Raw_acc_Y_f:,-11.14,Raw_gyro_X_f:,-176.87,Raw_gyro_Y_f:,51.38,Raw_gyro_Y_f:,9.49,final:,10.93,Pitch:,-0.8,roll:,8.57
Raw_acc_X:,-0.57,Raw_acc_Y:,-0.76,Raw_acc_Y:,-9.09,Raw_gyro_X:,-87.13,Raw_gyro_Y:,20.49,Raw_gyro_Y:,5.55,Raw_acc_X_f:,-0.15,Raw_acc_Y_f:,0.61,Raw_acc_Y_f:,-10.91,Raw_gyro_X_f:,-63.63,Raw_gyro_Y_f:,11.84,Raw_gyro_Y_f:,-2.41,final:,9.14,Pitch:,-0.79,roll:,9.55
Raw_acc_X:,0.32,Raw_acc_Y:,4.29,Raw_acc_Y:,-14.05,Raw_gyro_X:,237.44,Raw_gyro_Y:,-74.21,Raw_gyro_Y:,-20.12,Raw_acc_X_f:,-0.1,Raw_acc_Y_f:,1.02,Raw_acc_Y_f:,-11.26,Raw_gyro_X_f:,231.81,Raw_gyro_Y_f:,-73.6,Raw_gyro_Y_f:,-24.94,final:,14.7,Pitch:,-0.63,roll:,13.26
Raw_acc_X:,0.01,Raw_acc_Y:,3.2,Raw_acc_Y:,-12.32,Raw_gyro_X:,-202.62,Raw_gyro_Y:,59.27,Raw_gyro_Y:,20.18,Raw_acc_X_f:,-0.08,Raw_acc_Y_f:,1.27,Raw_acc_Y_f:,-11.38,Raw_gyro_X_f:,-185,Raw_gyro_Y_f:,53.19,Raw_gyro_Y_f:,13.65,final:,12.73,Pitch:,-0.52,roll:,16.93
Raw_acc_X:,-0.37,Raw_acc_Y:,0.33,Raw_acc_Y:,-9.21,Raw_gyro_X:,30.49,Raw_gyro_Y:,-10.49,Raw_gyro_Y:,-4.39,Raw_acc_X_f:,-0.12,Raw_acc_Y_f:,1.16,Raw_acc_Y_f:,-11.14,Raw_gyro_X_f:,42.74,Raw_gyro_Y_f:,-14.72,Raw_gyro_Y_f:,-9.71,final:,9.22,Pitch:,-0.56,roll:,18.07
Raw_acc_X:,0.57,Raw_acc_Y:,3.79,Raw_acc_Y:,-10.46,Raw_gyro_X:,112.86,Raw_gyro_Y:,-36.4,Raw_gyro_Y:,-9.57,Raw_acc_X_f:,-0.04,Raw_acc_Y_f:,1.46,Raw_acc_Y_f:,-11.06,Raw_gyro_X_f:,111.15,Raw_gyro_Y_f:,-36.1,Raw_gyro_Y_f:,-13.23,final:,11.14,Pitch:,-0.38,roll:,20.86
Raw_acc_X:,-0.16,Raw_acc_Y:,2.13,Raw_acc_Y:,-12.03,Raw_gyro_X:,-161.95,Raw_gyro_Y:,48.48,Raw_gyro_Y:,15.85,Raw_acc_X_f:,-0.05,Raw_acc_Y_f:,1.53,Raw_acc_Y_f:,-11.17,Raw_gyro_X_f:,-145.39,Raw_gyro_Y_f:,43.33,Raw_gyro_Y_f:,10.84,final:,12.22,Pitch:,-0.32,roll:,22.74
Raw_acc_X:,-0.14,Raw_acc_Y:,1.72,Raw_acc_Y:,-10.54,Raw_gyro_X:,93.72,Raw_gyro_Y:,-28.96,Raw_gyro_Y:,-9.09,Raw_acc_X_f:,-0.06,Raw_acc_Y_f:,1.55,Raw_acc_Y_f:,-11.1,Raw_gyro_X_f:,97.96,Raw_gyro_Y_f:,-30.3,Raw_gyro_Y_f:,-12.53,final:,10.68,Pitch:,-0.32,roll:,23.87
Raw_acc_X:,0.42,Raw_acc_Y:,3.32,Raw_acc_Y:,-9.46,Raw_gyro_X:,-6.04,Raw_gyro_Y:,-2.56,Raw_gyro_Y:,0.18,Raw_acc_X_f:,-0.01,Raw_acc_Y_f:,1.75,Raw_acc_Y_f:,-10.92,Raw_gyro_X_f:,-1.59,Raw_gyro_Y_f:,-3.46,Raw_gyro_Y_f:,-2.89,final:,10.04,Pitch:,-0.18,roll:,25.89
Raw_acc_X:,-0.17,Raw_acc_Y:,1.33,Raw_acc_Y:,-10.62,Raw_gyro_X:,-80,Raw_gyro_Y:,21.89,Raw_gyro_Y:,6.95,Raw_acc_X_f:,-0.03,Raw_acc_Y_f:,1.7,Raw_acc_Y_f:,-10.88,Raw_gyro_X_f:,-67.12,Raw_gyro_Y_f:,18.65,Raw_gyro_Y_f:,3.44,final:,10.71,Pitch:,-0.16,roll:,26.6
Raw_acc_X:,0.04,Raw_acc_Y:,2.56,Raw_acc_Y:,-10.54,Raw_gyro_X:,82.07,Raw_gyro_Y:,-24.76,Raw_gyro_Y:,-7.74,Raw_acc_X_f:,-0.02,Raw_acc_Y_f:,1.8,Raw_acc_Y_f:,-10.85,Raw_gyro_X_f:,84.35,Raw_gyro_Y_f:,-24.87,Raw_gyro_Y_f:,-10,final:,10.85,Pitch:,-0.13,roll:,27.62
Raw_acc_X:,0.21,Raw_acc_Y:,2.6,Raw_acc_Y:,-10.06,Raw_gyro_X:,-48.78,Raw_gyro_Y:,16.4,Raw_gyro_Y:,5.73,Raw_acc_X_f:,0.01,Raw_acc_Y_f:,1.89,Raw_acc_Y_f:,-10.76,Raw_gyro_X_f:,-41.31,Raw_gyro_Y_f:,14.47,Raw_gyro_Y_f:,3.09,final:,10.39,Pitch:,-0.05,roll:,28.78
Raw_acc_X:,0.48,Raw_acc_Y:,1.75,Raw_acc_Y:,-10.28,Raw_gyro_X:,3.11,Raw_gyro_Y:,-0.37,Raw_gyro_Y:,-0.67,Raw_acc_X_f:,0.06,Raw_acc_Y_f:,1.87,Raw_acc_Y_f:,-10.71,Raw_gyro_X_f:,9.4,Raw_gyro_Y_f:,-2.04,Raw_gyro_Y_f:,-2.94,final:,10.44,Pitch:,0.13,roll:,29.29
Raw_acc_X:,-0.14,Raw_acc_Y:,2.14,Raw_acc_Y:,-10.01,Raw_gyro_X:,-7.93,Raw_gyro_Y:,-0.24,Raw_gyro_Y:,-9.45,Raw_acc_X_f:,0.04,Raw_acc_Y_f:,1.9,Raw_acc_Y_f:,-10.63,Raw_gyro_X_f:,-1.45,Raw_gyro_Y_f:,-1.71,Raw_gyro_Y_f:,-10.41,final:,10.24,Pitch:,0.16,roll:,29.79
Raw_acc_X:,-0.54,Raw_acc_Y:,2.02,Raw_acc_Y:,-10.24,Raw_gyro_X:,1.77,Raw_gyro_Y:,3.78,Raw_gyro_Y:,-32.32,Raw_acc_X_f:,-0.03,Raw_acc_Y_f:,1.92,Raw_acc_Y_f:,-10.58,Raw_gyro_X_f:,7.32,Raw_gyro_Y_f:,2.06,Raw_gyro_Y_f:,-29.56,final:,10.45,Pitch:,0.01,roll:,30.15
Raw_acc_X:,0.06,Raw_acc_Y:,2.55,Raw_acc_Y:,-9.84,Raw_gyro_X:,-15.12,Raw_gyro_Y:,2.26,Raw_gyro_Y:,18.23,Raw_acc_X_f:,-0.02,Raw_acc_Y_f:,1.99,Raw_acc_Y_f:,-10.5,Raw_gyro_X_f:,-8.5,Raw_gyro_Y_f:,0.47,Raw_gyro_Y_f:,18.64,final:,10.16,Pitch:,-0.05,roll:,30.83
Raw_acc_X:,-0.8,Raw_acc_Y:,2.24,Raw_acc_Y:,-10.07,Raw_gyro_X:,2.8,Raw_gyro_Y:,3.72,Raw_gyro_Y:,-1.16,Raw_acc_X_f:,-0.11,Raw_acc_Y_f:,2.02,Raw_acc_Y_f:,-10.45,Raw_gyro_X_f:,8.37,Raw_gyro_Y_f:,1.72,Raw_gyro_Y_f:,-0.67,final:,10.35,Pitch:,-0.31,roll:,31.39
Raw_acc_X:,-0.35,Raw_acc_Y:,2.04,Raw_acc_Y:,-10.07,Raw_gyro_X:,-4.51,Raw_gyro_Y:,-2.44,Raw_gyro_Y:,0.18,Raw_acc_X_f:,-0.13,Raw_acc_Y_f:,2.02,Raw_acc_Y_f:,-10.41,Raw_gyro_X_f:,0.94,Raw_gyro_Y_f:,-3.94,Raw_gyro_Y_f:,0.6,final:,10.28,Pitch:,-0.51,roll:,31.71
Raw_acc_X:,-0.69,Raw_acc_Y:,-0.33,Raw_acc_Y:,-10.74,Raw_gyro_X:,48.96,Raw_gyro_Y:,2.32,Raw_gyro_Y:,5.24,Raw_acc_X_f:,-0.19,Raw_acc_Y_f:,1.76,Raw_acc_Y_f:,-10.45,Raw_gyro_X_f:,48.34,Raw_gyro_Y_f:,0.72,Raw_gyro_Y_f:,5.03,final:,10.77,Pitch:,-0.78,roll:,30.11
Raw_acc_X:,0.08,Raw_acc_Y:,-2.39,Raw_acc_Y:,-10.3,Raw_gyro_X:,62.5,Raw_gyro_Y:,0.49,Raw_gyro_Y:,-2.2,Raw_acc_X_f:,-0.16,Raw_acc_Y_f:,1.29,Raw_acc_Y_f:,-10.43,Raw_gyro_X_f:,54.97,Raw_gyro_Y_f:,-0.98,Raw_gyro_Y_f:,-2.14,final:,10.58,Pitch:,-0.84,roll:,25.97
Raw_acc_X:,-0.69,Raw_acc_Y:,-4.88,Raw_acc_Y:,-9.15,Raw_gyro_X:,51.34,Raw_gyro_Y:,2.8,Raw_gyro_Y:,3.23,Raw_acc_X_f:,-0.22,Raw_acc_Y_f:,0.6,Raw_acc_Y_f:,-10.29,Raw_gyro_X_f:,38.92,Raw_gyro_Y_f:,1.19,Raw_gyro_Y_f:,2.92,final:,10.39,Pitch:,-1.04,roll:,18.32
Raw_acc_X:,-0.54,Raw_acc_Y:,-6.77,Raw_acc_Y:,-7.34,Raw_gyro_X:,46.83,Raw_gyro_Y:,-1.52,Raw_gyro_Y:,-1.52,Raw_acc_X_f:,-0.26,Raw_acc_Y_f:,-0.22,Raw_acc_Y_f:,-9.96,Raw_gyro_X_f:,30.57,Raw_gyro_Y_f:,-2.79,Raw_gyro_Y_f:,-1.63,final:,10,Pitch:,-1.26,roll:,7.17
Raw_acc_X:,-0.93,Raw_acc_Y:,0.12,Raw_acc_Y:,-5.22,Raw_gyro_X:,-110,Raw_gyro_Y:,-5.55,Raw_gyro_Y:,1.46,Raw_acc_X_f:,-0.33,Raw_acc_Y_f:,-0.18,Raw_acc_Y_f:,-9.43,Raw_gyro_X_f:,-112.17,Raw_gyro_Y_f:,-6.06,Raw_gyro_Y_f:,1.2,final:,5.3,Pitch:,-1.65,roll:,1.91
Raw_acc_X:,0.34,Raw_acc_Y:,0.42,Raw_acc_Y:,-15.94,Raw_gyro_X:,-308.17,Raw_gyro_Y:,21.1,Raw_gyro_Y:,12.19,Raw_acc_X_f:,-0.26,Raw_acc_Y_f:,-0.11,Raw_acc_Y_f:,-10.16,Raw_gyro_X_f:,-275.69,Raw_gyro_Y_f:,18.29,Raw_gyro_Y_f:,10.6,final:,15.95,Pitch:,-1.55,roll:,-0.07
Raw_acc_X:,0.16,Raw_acc_Y:,4.2,Raw_acc_Y:,-18.08,Raw_gyro_X:,342.8,Raw_gyro_Y:,-18.9,Raw_gyro_Y:,-11.89,Raw_acc_X_f:,-0.21,Raw_acc_Y_f:,0.37,Raw_acc_Y_f:,-11.04,Raw_gyro_X_f:,333.38,Raw_gyro_Y_f:,-19.28,Raw_gyro_Y_f:,-11.98,final:,18.56,Pitch:,-1.32,roll:,3.13
Raw_acc_X:,0.23,Raw_acc_Y:,3.61,Raw_acc_Y:,-7.95,Raw_gyro_X:,-121.52,Raw_gyro_Y:,8.66,Raw_gyro_Y:,6.77,Raw_acc_X_f:,-0.16,Raw_acc_Y_f:,0.73,Raw_acc_Y_f:,-10.7,Raw_gyro_X_f:,-116.32,Raw_gyro_Y_f:,7.35,Raw_gyro_Y_f:,5.94,final:,8.74,Pitch:,-1.1,roll:,7.86
Raw_acc_X:,-0.53,Raw_acc_Y:,-0.02,Raw_acc_Y:,-11.28,Raw_gyro_X:,-166.89,Raw_gyro_Y:,7.01,Raw_gyro_Y:,6.16,Raw_acc_X_f:,-0.2,Raw_acc_Y_f:,0.65,Raw_acc_Y_f:,-10.76,Raw_gyro_X_f:,-143.64,Raw_gyro_Y_f:,5.07,Raw_gyro_Y_f:,4.73,final:,11.29,Pitch:,-1.09,roll:,9.5
Raw_acc_X:,-0.34,Raw_acc_Y:,4.18,Raw_acc_Y:,-14.38,Raw_gyro_X:,255.06,Raw_gyro_Y:,-13.72,Raw_gyro_Y:,-12.62,Raw_acc_X_f:,-0.22,Raw_acc_Y_f:,1.04,Raw_acc_Y_f:,-11.16,Raw_gyro_X_f:,247.24,Raw_gyro_Y_f:,-13.91,Raw_gyro_Y_f:,-12.48,final:,14.98,Pitch:,-1.1,roll:,13.4
Raw_acc_X:,0.01,Raw_acc_Y:,3.27,Raw_acc_Y:,-10.66,Raw_gyro_X:,-159.69,Raw_gyro_Y:,11.65,Raw_gyro_Y:,9.94,Raw_acc_X_f:,-0.19,Raw_acc_Y_f:,1.29,Raw_acc_Y_f:,-11.11,Raw_gyro_X_f:,-148.81,Raw_gyro_Y_f:,10.17,Raw_gyro_Y_f:,8.96,final:,11.15,Pitch:,-1.05,roll:,17.28
Raw_acc_X:,-0.18,Raw_acc_Y:,0.2,Raw_acc_Y:,-9.64,Raw_gyro_X:,-30.61,Raw_gyro_Y:,1.4,Raw_gyro_Y:,1.71,Raw_acc_X_f:,-0.19,Raw_acc_Y_f:,1.17,Raw_acc_Y_f:,-10.94,Raw_gyro_X_f:,-17.53,Raw_gyro_Y_f:,-0.06,Raw_gyro_Y_f:,0.64,final:,9.65,Pitch:,-1.02,roll:,18.37
Raw_acc_X:,0.41,Raw_acc_Y:,3.57,Raw_acc_Y:,-11.42,Raw_gyro_X:,143.9,Raw_gyro_Y:,-12.01,Raw_gyro_Y:,-7.32,Raw_acc_X_f:,-0.12,Raw_acc_Y_f:,1.44,Raw_acc_Y_f:,-11,Raw_gyro_X_f:,139.46,Raw_gyro_Y_f:,-11.97,Raw_gyro_Y_f:,-7.45,final:,11.98,Pitch:,-0.83,roll:,20.89
Raw_acc_X:,0.02,Raw_acc_Y:,2.51,Raw_acc_Y:,-11.74,Raw_gyro_X:,-152.68,Raw_gyro_Y:,11.65,Raw_gyro_Y:,8.41,Raw_acc_X_f:,-0.11,Raw_acc_Y_f:,1.56,Raw_acc_Y_f:,-11.08,Raw_gyro_X_f:,-139.58,Raw_gyro_Y_f:,10.38,Raw_gyro_Y_f:,7.36,final:,12.01,Pitch:,-0.69,roll:,22.98
Raw_acc_X:,-0.28,Raw_acc_Y:,1.44,Raw_acc_Y:,-10.04,Raw_gyro_X:,61.83,Raw_gyro_Y:,-0.67,Raw_gyro_Y:,-3.6,Raw_acc_X_f:,-0.13,Raw_acc_Y_f:,1.54,Raw_acc_Y_f:,-10.97,Raw_gyro_X_f:,66.56,Raw_gyro_Y_f:,-1.72,Raw_gyro_Y_f:,-4.13,final:,10.15,Pitch:,-0.67,roll:,23.98
Raw_acc_X:,-0.14,Raw_acc_Y:,3.16,Raw_acc_Y:,-9.59,Raw_gyro_X:,39.45,Raw_gyro_Y:,-3.96,Raw_gyro_Y:,-1.77,Raw_acc_X_f:,-0.13,Raw_acc_Y_f:,1.72,Raw_acc_Y_f:,-10.81,Raw_gyro_X_f:,39.25,Raw_gyro_Y_f:,-4.45,Raw_gyro_Y_f:,-2.05,final:,10.1,Pitch:,-0.67,roll:,25.83
Raw_acc_X:,-0.27,Raw_acc_Y:,1.35,Raw_acc_Y:,-10.73,Raw_gyro_X:,-78.9,Raw_gyro_Y:,3.6,Raw_gyro_Y:,5.79,Raw_acc_X_f:,-0.14,Raw_acc_Y_f:,1.68,Raw_acc_Y_f:,-10.8,Raw_gyro_X_f:,-70.27,Raw_gyro_Y_f:,2.76,Raw_gyro_Y_f:,4.9,final:,10.82,Pitch:,-0.71,roll:,26.46
Raw_acc_X:,-0.52,Raw_acc_Y:,2.19,Raw_acc_Y:,-10.05,Raw_gyro_X:,23.23,Raw_gyro_Y:,-2.38,Raw_gyro_Y:,-16.89,Raw_acc_X_f:,-0.19,Raw_acc_Y_f:,1.74,Raw_acc_Y_f:,-10.72,Raw_gyro_X_f:,28.31,Raw_gyro_Y_f:,-2.86,Raw_gyro_Y_f:,-15.8,final:,10.3,Pitch:,-0.85,roll:,27.21
Raw_acc_X:,-0.24,Raw_acc_Y:,1.77,Raw_acc_Y:,-10.17,Raw_gyro_X:,29.27,Raw_gyro_Y:,-1.52,Raw_gyro_Y:,-4.88,Raw_acc_X_f:,-0.19,Raw_acc_Y_f:,1.74,Raw_acc_Y_f:,-10.66,Raw_gyro_X_f:,30.51,Raw_gyro_Y_f:,-1.78,Raw_gyro_Y_f:,-3.36,final:,10.33,Pitch:,-0.93,roll:,27.64
Raw_acc_X:,-0.29,Raw_acc_Y:,0.87,Raw_acc_Y:,-10.24,Raw_gyro_X:,-13.11,Raw_gyro_Y:,0,Raw_gyro_Y:,0.24,Raw_acc_X_f:,-0.2,Raw_acc_Y_f:,1.64,Raw_acc_Y_f:,-10.61,Raw_gyro_X_f:,-10.54,Raw_gyro_Y_f:,-0.23,Raw_gyro_Y_f:,1.56,final:,10.28,Pitch:,-1.01,roll:,27.21
Raw_acc_X:,-1.49,Raw_acc_Y:,-1.37,Raw_acc_Y:,-10.33,Raw_gyro_X:,26.28,Raw_gyro_Y:,1.28,Raw_gyro_Y:,-2.44,Raw_acc_X_f:,-0.35,Raw_acc_Y_f:,1.31,Raw_acc_Y_f:,-10.58,Raw_gyro_X_f:,25.63,Raw_gyro_Y_f:,0.94,Raw_gyro_Y_f:,-1,final:,10.53,Pitch:,-1.43,roll:,24.55
Raw_acc_X:,-0.54,Raw_acc_Y:,-2.67,Raw_acc_Y:,-10.55,Raw_gyro_X:,105.36,Raw_gyro_Y:,-3.23,Raw_gyro_Y:,-2.8,Raw_acc_X_f:,-0.37,Raw_acc_Y_f:,0.86,Raw_acc_Y_f:,-10.58,Raw_gyro_X_f:,93.02,Raw_gyro_Y_f:,-3.18,Raw_gyro_Y_f:,-1.21,final:,10.89,Pitch:,-1.71,roll:,19.7
Raw_acc_X:,-0.37,Raw_acc_Y:,-4.68,Raw_acc_Y:,-7.53,Raw_gyro_X:,63.17,Raw_gyro_Y:,-9.76,Raw_gyro_Y:,10.3,Raw_acc_X_f:,-0.37,Raw_acc_Y_f:,0.24,Raw_acc_Y_f:,-10.24,Raw_gyro_X_f:,45.15,Raw_gyro_Y_f:,-8.62,Raw_gyro_Y_f:,10.57,final:,8.87,Pitch:,-1.88,roll:,12.04
Raw_acc_X:,-1.35,Raw_acc_Y:,0.48,Raw_acc_Y:,-16.11,Raw_gyro_X:,-293.47,Raw_gyro_Y:,34.21,Raw_gyro_Y:,19.51,Raw_acc_X_f:,-0.48,Raw_acc_Y_f:,0.27,Raw_acc_Y_f:,-10.89,Raw_gyro_X_f:,-276.72,Raw_gyro_Y_f:,31.4,Raw_gyro_Y_f:,17.57,final:,16.17,Pitch:,-2.2,roll:,8.37
Raw_acc_X:,-0.12,Raw_acc_Y:,1.02,Raw_acc_Y:,-8.67,Raw_gyro_X:,7.32,Raw_gyro_Y:,-1.22,Raw_gyro_Y:,-2.8,Raw_acc_X_f:,-0.44,Raw_acc_Y_f:,0.36,Raw_acc_Y_f:,-10.64,Raw_gyro_X_f:,21.39,Raw_gyro_Y_f:,-3.58,Raw_gyro_Y_f:,-4.22,final:,8.73,Pitch:,-2.27,roll:,7.29
Raw_acc_X:,-0.45,Raw_acc_Y:,3.22,Raw_acc_Y:,-12.8,Raw_gyro_X:,214.51,Raw_gyro_Y:,-25.37,Raw_gyro_Y:,-15.12,Raw_acc_X_f:,-0.44,Raw_acc_Y_f:,0.67,Raw_acc_Y_f:,-10.88,Raw_gyro_X_f:,203.06,Raw_gyro_Y_f:,-24.63,Raw_gyro_Y_f:,-14.69,final:,13.2,Pitch:,-2.29,roll:,9.42
Raw_acc_X:,-0.25,Raw_acc_Y:,1.84,Raw_acc_Y:,-11.62,Raw_gyro_X:,-180.12,Raw_gyro_Y:,16.46,Raw_gyro_Y:,11.71,Raw_acc_X_f:,-0.42,Raw_acc_Y_f:,0.81,Raw_acc_Y_f:,-10.97,Raw_gyro_X_f:,-170.18,Raw_gyro_Y_f:,15.28,Raw_gyro_Y_f:,10.79,final:,11.77,Pitch:,-2.24,roll:,11.54
Raw_acc_X:,-0.12,Raw_acc_Y:,1.45,Raw_acc_Y:,-9.29,Raw_gyro_X:,-38.72,Raw_gyro_Y:,0.24,Raw_gyro_Y:,0.98,Raw_acc_X_f:,-0.39,Raw_acc_Y_f:,0.88,Raw_acc_Y_f:,-10.78,Raw_gyro_X_f:,-25.57,Raw_gyro_Y_f:,-0.83,Raw_gyro_Y_f:,0.05,final:,9.41,Pitch:,-2.14,roll:,13.25
Raw_acc_X:,-0.38,Raw_acc_Y:,2.64,Raw_acc_Y:,-12.27,Raw_gyro_X:,180.3,Raw_gyro_Y:,-14.51,Raw_gyro_Y:,-8.9,Raw_acc_X_f:,-0.38,Raw_acc_Y_f:,1.07,Raw_acc_Y_f:,-10.95,Raw_gyro_X_f:,171.86,Raw_gyro_Y_f:,-13.85,Raw_gyro_Y_f:,-8.73,final:,12.55,Pitch:,-2.07,roll:,15.62
Raw_acc_X:,-0.14,Raw_acc_Y:,1.71,Raw_acc_Y:,-10.55,Raw_gyro_X:,-120.12,Raw_gyro_Y:,9.39,Raw_gyro_Y:,8.23,Raw_acc_X_f:,-0.36,Raw_acc_Y_f:,1.15,Raw_acc_Y_f:,-10.9,Raw_gyro_X_f:,-114.21,Raw_gyro_Y_f:,8.93,Raw_gyro_Y_f:,7.46,final:,10.69,Pitch:,-1.97,roll:,17.38
Raw_acc_X:,-0.18,Raw_acc_Y:,1.37,Raw_acc_Y:,-10.06,Raw_gyro_X:,-58.05,Raw_gyro_Y:,4.09,Raw_gyro_Y:,4.45,Raw_acc_X_f:,-0.34,Raw_acc_Y_f:,1.17,Raw_acc_Y_f:,-10.81,Raw_gyro_X_f:,-46.32,Raw_gyro_Y_f:,3.22,Raw_gyro_Y_f:,3.27,final:,10.16,Pitch:,-1.88,roll:,18.49
Raw_acc_X:,-0.28,Raw_acc_Y:,2.16,Raw_acc_Y:,-11.52,Raw_gyro_X:,136.89,Raw_gyro_Y:,-10.12,Raw_gyro_Y:,-7.2,Raw_acc_X_f:,-0.33,Raw_acc_Y_f:,1.28,Raw_acc_Y_f:,-10.89,Raw_gyro_X_f:,132.03,Raw_gyro_Y_f:,-9.76,Raw_gyro_Y_f:,-7.44,final:,11.73,Pitch:,-1.8,roll:,19.86
Raw_acc_X:,-0.14,Raw_acc_Y:,1.74,Raw_acc_Y:,-10.09,Raw_gyro_X:,-77.19,Raw_gyro_Y:,6.65,Raw_gyro_Y:,7.13,Raw_acc_X_f:,-0.31,Raw_acc_Y_f:,1.33,Raw_acc_Y_f:,-10.8,Raw_gyro_X_f:,-72.9,Raw_gyro_Y_f:,6.23,Raw_gyro_Y_f:,6.12,final:,10.24,Pitch:,-1.72,roll:,20.96
Raw_acc_X:,-0.29,Raw_acc_Y:,1.55,Raw_acc_Y:,-10.33,Raw_gyro_X:,-64.94,Raw_gyro_Y:,4.88,Raw_gyro_Y:,4.21,Raw_acc_X_f:,-0.31,Raw_acc_Y_f:,1.36,Raw_acc_Y_f:,-10.75,Raw_gyro_X_f:,-53.87,Raw_gyro_Y_f:,3.96,Raw_gyro_Y_f:,2.84,final:,10.45,Pitch:,-1.67,roll:,21.72
Raw_acc_X:,-0.22,Raw_acc_Y:,2.06,Raw_acc_Y:,-10.79,Raw_gyro_X:,99.76,Raw_gyro_Y:,-7.93,Raw_gyro_Y:,-6.16,Raw_acc_X_f:,-0.3,Raw_acc_Y_f:,1.44,Raw_acc_Y_f:,-10.75,Raw_gyro_X_f:,98.45,Raw_gyro_Y_f:,-7.86,Raw_gyro_Y_f:,-6.69,final:,10.99,Pitch:,-1.62,roll:,22.68
Raw_acc_X:,-0.14,Raw_acc_Y:,1.82,Raw_acc_Y:,-9.83,Raw_gyro_X:,-32.93,Raw_gyro_Y:,1.89,Raw_gyro_Y:,1.83,Raw_acc_X_f:,-0.28,Raw_acc_Y_f:,1.48,Raw_acc_Y_f:,-10.65,Raw_gyro_X_f:,-30.41,Raw_gyro_Y_f:,1.74,Raw_gyro_Y_f:,1.15,final:,10,Pitch:,-1.56,roll:,23.52
Raw_acc_X:,-0.17,Raw_acc_Y:,1.49,Raw_acc_Y:,-10.57,Raw_gyro_X:,-67.93,Raw_gyro_Y:,5.18,Raw_gyro_Y:,5.18,Raw_acc_X_f:,-0.27,Raw_acc_Y_f:,1.48,Raw_acc_Y_f:,-10.64,Raw_gyro_X_f:,-58.11,Raw_gyro_Y_f:,4.47,Raw_gyro_Y_f:,4.01,final:,10.68,Pitch:,-1.49,roll:,23.96
Raw_acc_X:,-0.14,Raw_acc_Y:,1.8,Raw_acc_Y:,-10.4,Raw_gyro_X:,70.37,Raw_gyro_Y:,-5.79,Raw_gyro_Y:,-4.21,Raw_acc_X_f:,-0.25,Raw_acc_Y_f:,1.52,Raw_acc_Y_f:,-10.61,Raw_gyro_X_f:,71.23,Raw_gyro_Y_f:,-5.78,Raw_gyro_Y_f:,-4.78,final:,10.56,Pitch:,-1.42,roll:,24.45
Raw_acc_X:,-0.13,Raw_acc_Y:,1.92,Raw_acc_Y:,-9.93,Raw_gyro_X:,-15.37,Raw_gyro_Y:,1.22,Raw_gyro_Y:,1.34,Raw_acc_X_f:,-0.24,Raw_acc_Y_f:,1.56,Raw_acc_Y_f:,-10.54,Raw_gyro_X_f:,-12.88,Raw_gyro_Y_f:,1.1,Raw_gyro_Y_f:,0.68,final:,10.11,Pitch:,-1.36,roll:,25.06
Raw_acc_X:,-0.12,Raw_acc_Y:,1.68,Raw_acc_Y:,-10.38,Raw_gyro_X:,-62.99,Raw_gyro_Y:,4.33,Raw_gyro_Y:,4.7,Raw_acc_X_f:,-0.23,Raw_acc_Y_f:,1.57,Raw_acc_Y_f:,-10.52,Raw_gyro_X_f:,-53.75,Raw_gyro_Y_f:,3.74,Raw_gyro_Y_f:,3.58,final:,10.51,Pitch:,-1.29,roll:,25.47
Raw_acc_X:,0.09,Raw_acc_Y:,-3.01,Raw_acc_Y:,-13.97,Raw_gyro_X:,193.72,Raw_gyro_Y:,-15.18,Raw_gyro_Y:,2.13,Raw_acc_X_f:,-0.19,Raw_acc_Y_f:,1.06,Raw_acc_Y_f:,-10.9,Raw_gyro_X_f:,180.3,Raw_gyro_Y_f:,-14.01,Raw_gyro_Y_f:,0.91,final:,14.29,Pitch:,-1.15,roll:,21.65
Raw_acc_X:,4.2,Raw_acc_Y:,2.01,Raw_acc_Y:,-3.83,Raw_gyro_X:,-97.26,Raw_gyro_Y:,-0.79,Raw_gyro_Y:,-22.99,Raw_acc_X_f:,0.3,Raw_acc_Y_f:,1.17,Raw_acc_Y_f:,-10.11,Raw_gyro_X_f:,-98.32,Raw_gyro_Y_f:,0.33,Raw_gyro_Y_f:,-21.51,final:,6.03,Pitch:,0.27,roll:,20.9
Raw_acc_X:,-1.24,Raw_acc_Y:,3.88,Raw_acc_Y:,-17.32,Raw_gyro_X:,-378.35,Raw_gyro_Y:,30.85,Raw_gyro_Y:,25.61,Raw_acc_X_f:,0.13,Raw_acc_Y_f:,1.47,Raw_acc_Y_f:,-10.92,Raw_gyro_X_f:,-337.06,Raw_gyro_Y_f:,28.41,Raw_gyro_Y_f:,24.06,final:,17.79,Pitch:,0.47,roll:,22.45
Raw_acc_X:,-0.18,Raw_acc_Y:,3.18,Raw_acc_Y:,-14.04,Raw_gyro_X:,315.3,Raw_gyro_Y:,-20.55,Raw_gyro_Y:,-24.69,Raw_acc_X_f:,0.09,Raw_acc_Y_f:,1.66,Raw_acc_Y_f:,-11.27,Raw_gyro_X_f:,316.79,Raw_gyro_Y_f:,-20.43,Raw_gyro_Y_f:,-23.31,final:,14.39,Pitch:,0.47,roll:,24.39
Raw_acc_X:,0.33,Raw_acc_Y:,3,Raw_acc_Y:,-6.6,Raw_gyro_X:,99.45,Raw_gyro_Y:,-10.3,Raw_gyro_Y:,-8.41,Raw_acc_X_f:,0.12,Raw_acc_Y_f:,1.81,Raw_acc_Y_f:,-10.75,Raw_gyro_X_f:,89.67,Raw_gyro_Y_f:,-9.04,Raw_gyro_Y_f:,-6.25,final:,7.25,Pitch:,0.55,roll:,26.65
Raw_acc_X:,-0.4,Raw_acc_Y:,3.85,Raw_acc_Y:,-18.02,Raw_gyro_X:,-353.9,Raw_gyro_Y:,30.79,Raw_gyro_Y:,19.63,Raw_acc_X_f:,0.06,Raw_acc_Y_f:,2.04,Raw_acc_Y_f:,-11.56,Raw_gyro_X_f:,-323.08,Raw_gyro_Y_f:,28.47,Raw_gyro_Y_f:,19.37,final:,18.43,Pitch:,0.42,roll:,28.8
Raw_acc_X:,0.06,Raw_acc_Y:,1.53,Raw_acc_Y:,-7.96,Raw_gyro_X:,138.29,Raw_gyro_Y:,-12.44,Raw_gyro_Y:,-10.55,Raw_acc_X_f:,0.06,Raw_acc_Y_f:,1.98,Raw_acc_Y_f:,-11.16,Raw_gyro_X_f:,150.23,Raw_gyro_Y_f:,-13.11,Raw_gyro_Y_f:,-9.61,final:,8.11,Pitch:,0.37,roll:,29.75
Raw_acc_X:,-0.02,Raw_acc_Y:,3.58,Raw_acc_Y:,-11.39,Raw_gyro_X:,215.55,Raw_gyro_Y:,-20.37,Raw_gyro_Y:,-13.54,Raw_acc_X_f:,0.05,Raw_acc_Y_f:,2.16,Raw_acc_Y_f:,-11.18,Raw_gyro_X_f:,202.09,Raw_gyro_Y_f:,-18.69,Raw_gyro_Y_f:,-11.19,final:,11.94,Pitch:,0.32,roll:,31.3
Raw_acc_X:,-0.39,Raw_acc_Y:,3.36,Raw_acc_Y:,-15.22,Raw_gyro_X:,-295.18,Raw_gyro_Y:,27.38,Raw_gyro_Y:,23.05,Raw_acc_X_f:,0,Raw_acc_Y_f:,2.29,Raw_acc_Y_f:,-11.63,Raw_gyro_X_f:,-274.18,Raw_gyro_Y_f:,25.81,Raw_gyro_Y_f:,22.56,final:,15.59,Pitch:,0.16,roll:,32.62
Raw_acc_X:,0.05,Raw_acc_Y:,1.37,Raw_acc_Y:,-7.49,Raw_gyro_X:,20.79,Raw_gyro_Y:,-0.37,Raw_gyro_Y:,-3.78,Raw_acc_X_f:,0.01,Raw_acc_Y_f:,2.19,Raw_acc_Y_f:,-11.17,Raw_gyro_X_f:,37.12,Raw_gyro_Y_f:,-1.72,Raw_gyro_Y_f:,-3.79,final:,7.62,Pitch:,0.1,roll:,32.93
Raw_acc_X:,-0.26,Raw_acc_Y:,4,Raw_acc_Y:,-13.76,Raw_gyro_X:,253.05,Raw_gyro_Y:,-24.39,Raw_gyro_Y:,-16.1,Raw_acc_X_f:,-0.02,Raw_acc_Y_f:,2.39,Raw_acc_Y_f:,-11.46,Raw_gyro_X_f:,239.31,Raw_gyro_Y_f:,-22.87,Raw_gyro_Y_f:,-14.31,final:,14.34,Pitch:,0,roll:,34.1
Raw_acc_X:,-0.15,Raw_acc_Y:,2.98,Raw_acc_Y:,-11.47,Raw_gyro_X:,-218.35,Raw_gyro_Y:,13.54,Raw_gyro_Y:,15.91,Raw_acc_X_f:,-0.04,Raw_acc_Y_f:,2.46,Raw_acc_Y_f:,-11.46,Raw_gyro_X_f:,-206.18,Raw_gyro_Y_f:,13.38,Raw_gyro_Y_f:,15.73,final:,11.85,Pitch:,-0.09,roll:,35.04
Raw_acc_X:,-0.66,Raw_acc_Y:,2.15,Raw_acc_Y:,-6.79,Raw_gyro_X:,-58.54,Raw_gyro_Y:,0.12,Raw_gyro_Y:,3.11,Raw_acc_X_f:,-0.11,Raw_acc_Y_f:,2.42,Raw_acc_Y_f:,-10.94,Raw_gyro_X_f:,-41.19,Raw_gyro_Y_f:,-0.03,Raw_gyro_Y_f:,2.59,final:,7.15,Pitch:,-0.32,roll:,35.64
Raw_acc_X:,-0.12,Raw_acc_Y:,4.22,Raw_acc_Y:,-13.06,Raw_gyro_X:,226.1,Raw_gyro_Y:,-19.76,Raw_gyro_Y:,-14.51,Raw_acc_X_f:,-0.11,Raw_acc_Y_f:,2.62,Raw_acc_Y_f:,-11.18,Raw_gyro_X_f:,216.26,Raw_gyro_Y_f:,-17.69,Raw_gyro_Y_f:,-13.35,final:,13.73,Pitch:,-0.43,roll:,36.89
Raw_acc_X:,-0.06,Raw_acc_Y:,1.6,Raw_acc_Y:,-9.68,Raw_gyro_X:,-115.91,Raw_gyro_Y:,-3.35,Raw_gyro_Y:,9.57,Raw_acc_X_f:,-0.1,Raw_acc_Y_f:,2.51,Raw_acc_Y_f:,-11.01,Raw_gyro_X_f:,-111.71,Raw_gyro_Y_f:,-1.14,Raw_gyro_Y_f:,9.54,final:,9.81,Pitch:,-0.47,roll:,37
Raw_acc_X:,-0.55,Raw_acc_Y:,0.4,Raw_acc_Y:,-10.19,Raw_gyro_X:,-31.34,Raw_gyro_Y:,3.17,Raw_gyro_Y:,0.49,Raw_acc_X_f:,-0.15,Raw_acc_Y_f:,2.27,Raw_acc_Y_f:,-10.92,Raw_gyro_X_f:,-24.11,Raw_gyro_Y_f:,4.78,Raw_gyro_Y_f:,0.4,final:,10.22,Pitch:,-0.63,roll:,35.77
Raw_acc_X:,-1.15,Raw_acc_Y:,2.63,Raw_acc_Y:,-10.04,Raw_gyro_X:,77.93,Raw_gyro_Y:,-8.72,Raw_gyro_Y:,4.15,Raw_acc_X_f:,-0.26,Raw_acc_Y_f:,2.31,Raw_acc_Y_f:,-10.82,Raw_gyro_X_f:,75.65,Raw_gyro_Y_f:,-6.31,Raw_gyro_Y_f:,3.61,final:,10.45,Pitch:,-1,roll:,35.45
Raw_acc_X:,-0.27,Raw_acc_Y:,3.12,Raw_acc_Y:,-10.43,Raw_gyro_X:,-106.28,Raw_gyro_Y:,7.99,Raw_gyro_Y:,6.04,Raw_acc_X_f:,-0.26,Raw_acc_Y_f:,2.4,Raw_acc_Y_f:,-10.78,Raw_gyro_X_f:,-96.43,Raw_gyro_Y_f:,9.23,Raw_gyro_Y_f:,4.88,final:,10.89,Pitch:,-1.18,roll:,35.83
Raw_acc_X:,-0.09,Raw_acc_Y:,2.6,Raw_acc_Y:,-9.38,Raw_gyro_X:,1.1,Raw_gyro_Y:,0,Raw_gyro_Y:,1.52,Raw_acc_X_f:,-0.24,Raw_acc_Y_f:,2.43,Raw_acc_Y_f:,-10.62,Raw_gyro_X_f:,9.72,Raw_gyro_Y_f:,1.11,Raw_gyro_Y_f:,0.33,final:,9.74,Pitch:,-1.24,roll:,36.25
Raw_acc_X:,0.03,Raw_acc_Y:,3.12,Raw_acc_Y:,-10.4,Raw_gyro_X:,90.24,Raw_gyro_Y:,-9.45,Raw_gyro_Y:,-6.89,Raw_acc_X_f:,-0.21,Raw_acc_Y_f:,2.5,Raw_acc_Y_f:,-10.6,Raw_gyro_X_f:,87.83,Raw_gyro_Y_f:,-7.41,Raw_gyro_Y_f:,-7.18,final:,10.86,Pitch:,-1.18,roll:,36.91
Raw_acc_X:,-0.14,Raw_acc_Y:,2.71,Raw_acc_Y:,-10.4,Raw_gyro_X:,-86.1,Raw_gyro_Y:,8.05,Raw_gyro_Y:,6.65,Raw_acc_X_f:,-0.21,Raw_acc_Y_f:,2.53,Raw_acc_Y_f:,-10.58,Raw_gyro_X_f:,-78.63,Raw_gyro_Y_f:,8.96,Raw_gyro_Y_f:,5.64,final:,10.75,Pitch:,-1.13,roll:,37.38
Raw_acc_X:,1.61,Raw_acc_Y:,-0.31,Raw_acc_Y:,-10.7,Raw_gyro_X:,95.18,Raw_gyro_Y:,0.55,Raw_gyro_Y:,-31.22,Raw_acc_X_f:,0,Raw_acc_Y_f:,2.21,Raw_acc_Y_f:,-10.59,Raw_gyro_X_f:,91.19,Raw_gyro_Y_f:,1.3,Raw_gyro_Y_f:,-28.62,final:,10.82,Pitch:,-0.57,roll:,35.79
Raw_acc_X:,0.41,Raw_acc_Y:,3.9,Raw_acc_Y:,-5.69,Raw_gyro_X:,181.34,Raw_gyro_Y:,-23.96,Raw_gyro_Y:,-21.34,Raw_acc_X_f:,0.04,Raw_acc_Y_f:,2.4,Raw_acc_Y_f:,-10.04,Raw_gyro_X_f:,157.55,Raw_gyro_Y_f:,-20.62,Raw_gyro_Y_f:,-16.65,final:,6.91,Pitch:,-0.17,roll:,36.46
Raw_acc_X:,-1.66,Raw_acc_Y:,5.95,Raw_acc_Y:,-22.6,Raw_gyro_X:,-457.8,Raw_gyro_Y:,72.93,Raw_gyro_Y:,48.6,Raw_acc_X_f:,-0.15,Raw_acc_Y_f:,2.8,Raw_acc_Y_f:,-11.44,Raw_gyro_X_f:,-427.83,Raw_gyro_Y_f:,67.75,Raw_gyro_Y_f:,47.34,final:,23.43,Pitch:,-0.44,roll:,38.01
Raw_acc_X:,0.06,Raw_acc_Y:,1.17,Raw_acc_Y:,-5.57,Raw_gyro_X:,104.27,Raw_gyro_Y:,-12.07,Raw_gyro_Y:,-5.12,Raw_acc_X_f:,-0.12,Raw_acc_Y_f:,2.61,Raw_acc_Y_f:,-10.79,Raw_gyro_X_f:,119.25,Raw_gyro_Y_f:,-15.32,Raw_gyro_Y_f:,-5.67,final:,5.7,Pitch:,-0.54,roll:,38.27
Raw_acc_X:,0.37,Raw_acc_Y:,4.68,Raw_acc_Y:,-14.27,Raw_gyro_X:,289.51,Raw_gyro_Y:,-47.56,Raw_gyro_Y:,-7.2,Raw_acc_X_f:,-0.07,Raw_acc_Y_f:,2.85,Raw_acc_Y_f:,-11.18,Raw_gyro_X_f:,270.5,Raw_gyro_Y_f:,-45.14,Raw_gyro_Y_f:,-6.88,final:,15.02,Pitch:,-0.44,roll:,39.33
Raw_acc_X:,-0.27,Raw_acc_Y:,1.32,Raw_acc_Y:,-14.85,Raw_gyro_X:,-267.44,Raw_gyro_Y:,43.9,Raw_gyro_Y:,23.78,Raw_acc_X_f:,-0.09,Raw_acc_Y_f:,2.68,Raw_acc_Y_f:,-11.59,Raw_gyro_X_f:,-254.46,Raw_gyro_Y_f:,41.15,Raw_gyro_Y_f:,21.41,final:,14.91,Pitch:,-0.44,roll:,38.75
Raw_acc_X:,-0.48,Raw_acc_Y:,0.79,Raw_acc_Y:,-9.13,Raw_gyro_X:,-3.17,Raw_gyro_Y:,-11.83,Raw_gyro_Y:,-1.52,Raw_acc_X_f:,-0.13,Raw_acc_Y_f:,2.46,Raw_acc_Y_f:,-11.31,Raw_gyro_X_f:,8.71,Raw_gyro_Y_f:,-12.95,Raw_gyro_Y_f:,-3.46,final:,9.18,Pitch:,-0.55,roll:,37.49
Raw_acc_X:,-0.16,Raw_acc_Y:,3.12,Raw_acc_Y:,-11.85,Raw_gyro_X:,173.9,Raw_gyro_Y:,-30.43,Raw_gyro_Y:,-14.27,Raw_acc_X_f:,-0.14,Raw_acc_Y_f:,2.54,Raw_acc_Y_f:,-11.37,Raw_gyro_X_f:,165.04,Raw_gyro_Y_f:,-28.03,Raw_gyro_Y_f:,-14.4,final:,12.25,Pitch:,-0.61,roll:,37.22
Raw_acc_X:,-0.01,Raw_acc_Y:,2.14,Raw_acc_Y:,-11.65,Raw_gyro_X:,-171.77,Raw_gyro_Y:,25.91,Raw_gyro_Y:,17.13,Raw_acc_X_f:,-0.12,Raw_acc_Y_f:,2.49,Raw_acc_Y_f:,-11.4,Raw_gyro_X_f:,-160.46,Raw_gyro_Y_f:,25.15,Raw_gyro_Y_f:,15.11,final:,11.84,Pitch:,-0.61,roll:,36.83
Raw_acc_X:,-0.18,Raw_acc_Y:,0.33,Raw_acc_Y:,-12.29,Raw_gyro_X:,138.17,Raw_gyro_Y:,-15.49,Raw_gyro_Y:,3.54,Raw_acc_X_f:,-0.13,Raw_acc_Y_f:,2.25,Raw_acc_Y_f:,-11.5,Raw_gyro_X_f:,132.79,Raw_gyro_Y_f:,-14.43,Raw_gyro_Y_f:,1.34,final:,12.3,Pitch:,-0.62,roll:,35.2
Raw_acc_X:,-0.02,Raw_acc_Y:,1.96,Raw_acc_Y:,-10.09,Raw_gyro_X:,-109.69,Raw_gyro_Y:,15.79,Raw_gyro_Y:,6.77,Raw_acc_X_f:,-0.12,Raw_acc_Y_f:,2.22,Raw_acc_Y_f:,-11.34,Raw_gyro_X_f:,-102.23,Raw_gyro_Y_f:,14.97,Raw_gyro_Y_f:,4.06,final:,10.28,Pitch:,-0.6,roll:,34.29
Raw_acc_X:,-0.38,Raw_acc_Y:,1.15,Raw_acc_Y:,-10.04,Raw_gyro_X:,-33.84,Raw_gyro_Y:,3.84,Raw_gyro_Y:,1.1,Raw_acc_X_f:,-0.15,Raw_acc_Y_f:,2.1,Raw_acc_Y_f:,-11.2,Raw_gyro_X_f:,-23.43,Raw_gyro_Y_f:,2.68,Raw_gyro_Y_f:,-1.43,final:,10.11,Pitch:,-0.67,roll:,33.19
Raw_acc_X:,-0.08,Raw_acc_Y:,2.42,Raw_acc_Y:,-10.77,Raw_gyro_X:,103.96,Raw_gyro_Y:,-16.89,Raw_gyro_Y:,-8.9,Raw_acc_X_f:,-0.14,Raw_acc_Y_f:,2.13,Raw_acc_Y_f:,-11.15,Raw_gyro_X_f:,101.6,Raw_gyro_Y_f:,-16.04,Raw_gyro_Y_f:,-10.15,final:,11.04,Pitch:,-0.69,roll:,32.89
Raw_acc_X:,-0.34,Raw_acc_Y:,0.87,Raw_acc_Y:,-10.34,Raw_gyro_X:,-57.87,Raw_gyro_Y:,8.35,Raw_gyro_Y:,5.91,Raw_acc_X_f:,-0.16,Raw_acc_Y_f:,1.99,Raw_acc_Y_f:,-11.06,Raw_gyro_X_f:,-53.5,Raw_gyro_Y_f:,8.18,Raw_gyro_Y_f:,4.14,final:,10.38,Pitch:,-0.76,roll:,31.92
Raw_acc_X:,1.3,Raw_acc_Y:,1.38,Raw_acc_Y:,-10.47,Raw_gyro_X:,9.15,Raw_gyro_Y:,9.94,Raw_gyro_Y:,-12.07,Raw_acc_X_f:,0,Raw_acc_Y_f:,1.93,Raw_acc_Y_f:,-10.99,Raw_gyro_X_f:,12,Raw_gyro_Y_f:,8.67,Raw_gyro_Y_f:,-12.3,final:,10.64,Pitch:,-0.38,roll:,31.03
Raw_acc_X:,-1.4,Raw_acc_Y:,0.54,Raw_acc_Y:,-10.17,Raw_gyro_X:,-36.77,Raw_gyro_Y:,-5.73,Raw_gyro_Y:,5.43,Raw_acc_X_f:,-0.16,Raw_acc_Y_f:,1.77,Raw_acc_Y_f:,-10.9,Raw_gyro_X_f:,-30.13,Raw_gyro_Y_f:,-6.22,Raw_gyro_Y_f:,4.62,final:,10.28,Pitch:,-0.6,roll:,29.62
Raw_acc_X:,0.68,Raw_acc_Y:,0.97,Raw_acc_Y:,-10.72,Raw_gyro_X:,24.33,Raw_gyro_Y:,3.9,Raw_gyro_Y:,-3.72,Raw_acc_X_f:,-0.06,Raw_acc_Y_f:,1.68,Raw_acc_Y_f:,-10.88,Raw_gyro_X_f:,27.51,Raw_gyro_Y_f:,3.04,Raw_gyro_Y_f:,-4.02,final:,10.78,Pitch:,-0.46,roll:,28.31
Raw_acc_X:,-0.59,Raw_acc_Y:,-3.91,Raw_acc_Y:,-11.7,Raw_gyro_X:,217.38,Raw_gyro_Y:,-22.01,Raw_gyro_Y:,-0.79,Raw_acc_X_f:,-0.12,Raw_acc_Y_f:,1.06,Raw_acc_Y_f:,-10.97,Raw_gyro_X_f:,195.94,Raw_gyro_Y_f:,-20.32,Raw_gyro_Y_f:,-0.97,final:,12.35,Pitch:,-0.55,roll:,23.01
Raw_acc_X:,3.9,Raw_acc_Y:,2.46,Raw_acc_Y:,-10.9,Raw_gyro_X:,-285.12,Raw_gyro_Y:,37.68,Raw_gyro_Y:,19.63,Raw_acc_X_f:,0.33,Raw_acc_Y_f:,1.21,Raw_acc_Y_f:,-10.97,Raw_gyro_X_f:,-272.34,Raw_gyro_Y_f:,34.98,Raw_gyro_Y_f:,17.28,final:,11.83,Pitch:,0.57,roll:,21.57
Raw_acc_X:,0.03,Raw_acc_Y:,0.28,Raw_acc_Y:,-11,Raw_gyro_X:,-235.06,Raw_gyro_Y:,38.6,Raw_gyro_Y:,5.55,Raw_acc_X_f:,0.29,Raw_acc_Y_f:,1.11,Raw_acc_Y_f:,-10.97,Raw_gyro_X_f:,-197.46,Raw_gyro_Y_f:,31.88,Raw_gyro_Y_f:,2.84,final:,11.01,Pitch:,1.05,roll:,20.04
Raw_acc_X:,-1.26,Raw_acc_Y:,4.2,Raw_acc_Y:,-18.99,Raw_gyro_X:,366.95,Raw_gyro_Y:,-52.19,Raw_gyro_Y:,-3.6,Raw_acc_X_f:,0.12,Raw_acc_Y_f:,1.46,Raw_acc_Y_f:,-11.87,Raw_gyro_X_f:,359.38,Raw_gyro_Y_f:,-52.33,Raw_gyro_Y_f:,-5.6,final:,19.49,Pitch:,0.81,roll:,21.47
Raw_acc_X:,0.26,Raw_acc_Y:,2.54,Raw_acc_Y:,-5.8,Raw_gyro_X:,-69.08,Raw_gyro_Y:,6.52,Raw_gyro_Y:,3.23,Raw_acc_X_f:,0.14,Raw_acc_Y_f:,1.58,Raw_acc_Y_f:,-11.19,Raw_gyro_X_f:,-68.09,Raw_gyro_Y_f:,5.67,Raw_gyro_Y_f:,1.09,final:,6.34,Pitch:,0.75,roll:,23.35
Raw_acc_X:,-0.07,Raw_acc_Y:,2.07,Raw_acc_Y:,-14.73,Raw_gyro_X:,-280.24,Raw_gyro_Y:,38.66,Raw_gyro_Y:,16.71,Raw_acc_X_f:,0.11,Raw_acc_Y_f:,1.63,Raw_acc_Y_f:,-11.58,Raw_gyro_X_f:,-248.07,Raw_gyro_Y_f:,33.59,Raw_gyro_Y_f:,12.94,final:,14.87,Pitch:,0.65,roll:,24.48
Raw_acc_X:,0.11,Raw_acc_Y:,2.16,Raw_acc_Y:,-12.71,Raw_gyro_X:,232.74,Raw_gyro_Y:,-30.43,Raw_gyro_Y:,-14.76,Raw_acc_X_f:,0.11,Raw_acc_Y_f:,1.69,Raw_acc_Y_f:,-11.71,Raw_gyro_X_f:,235.34,Raw_gyro_Y_f:,-31.53,Raw_gyro_Y_f:,-16.46,final:,12.89,Pitch:,0.6,roll:,25.38
Raw_acc_X:,0.07,Raw_acc_Y:,2.55,Raw_acc_Y:,-7.66,Raw_gyro_X:,58.11,Raw_gyro_Y:,-10.79,Raw_gyro_Y:,-7.99,Raw_acc_X_f:,0.11,Raw_acc_Y_f:,1.79,Raw_acc_Y_f:,-11.26,Raw_gyro_X_f:,53.93,Raw_gyro_Y_f:,-10.57,Raw_gyro_Y_f:,-8.61,final:,8.07,Pitch:,0.57,roll:,26.7
Raw_acc_X:,-0.71,Raw_acc_Y:,1.78,Raw_acc_Y:,-14.52,Raw_gyro_X:,-249.14,Raw_gyro_Y:,32.26,Raw_gyro_Y:,12.68,Raw_acc_X_f:,0.02,Raw_acc_Y_f:,1.78,Raw_acc_Y_f:,-11.62,Raw_gyro_X_f:,-225.05,Raw_gyro_Y_f:,28.85,Raw_gyro_Y_f:,10.72,final:,14.64,Pitch:,0.32,roll:,27.17
Raw_acc_X:,-0.21,Raw_acc_Y:,1.64,Raw_acc_Y:,-10.56,Raw_gyro_X:,140.85,Raw_gyro_Y:,-19.45,Raw_gyro_Y:,-10.06,Raw_acc_X_f:,-0.01,Raw_acc_Y_f:,1.77,Raw_acc_Y_f:,-11.5,Raw_gyro_X_f:,146.54,Raw_gyro_Y_f:,-20.3,Raw_gyro_Y_f:,-10.68,final:,10.69,Pitch:,0.14,roll:,27.36
Raw_acc_X:,0.07,Raw_acc_Y:,2.68,Raw_acc_Y:,-9.03,Raw_gyro_X:,78.9,Raw_gyro_Y:,-13.05,Raw_gyro_Y:,-7.56,Raw_acc_X_f:,0,Raw_acc_Y_f:,1.87,Raw_acc_Y_f:,-11.23,Raw_gyro_X_f:,75.14,Raw_gyro_Y_f:,-12.35,Raw_gyro_Y_f:,-7.27,final:,9.42,Pitch:,0.07,roll:,28.26
Raw_acc_X:,-0.68,Raw_acc_Y:,1.8,Raw_acc_Y:,-12.85,Raw_gyro_X:,-198.47,Raw_gyro_Y:,26.71,Raw_gyro_Y:,13.17,Raw_acc_X_f:,-0.08,Raw_acc_Y_f:,1.86,Raw_acc_Y_f:,-11.41,Raw_gyro_X_f:,-179.66,Raw_gyro_Y_f:,24.35,Raw_gyro_Y_f:,11.96,final:,12.99,Pitch:,-0.15,roll:,28.57
Raw_acc_X:,-0.16,Raw_acc_Y:,1.47,Raw_acc_Y:,-10.37,Raw_gyro_X:,104.57,Raw_gyro_Y:,-14.15,Raw_gyro_Y:,-7.2,Raw_acc_X_f:,-0.08,Raw_acc_Y_f:,1.82,Raw_acc_Y_f:,-11.29,Raw_gyro_X_f:,109.61,Raw_gyro_Y_f:,-14.66,Raw_gyro_Y_f:,-7.47,final:,10.47,Pitch:,-0.29,roll:,28.49
Raw_acc_X:,0.01,Raw_acc_Y:,2.52,Raw_acc_Y:,-9.4,Raw_gyro_X:,54.45,Raw_gyro_Y:,-9.15,Raw_gyro_Y:,-4.94,Raw_acc_X_f:,-0.07,Raw_acc_Y_f:,1.9,Raw_acc_Y_f:,-11.08,Raw_gyro_X_f:,52.85,Raw_gyro_Y_f:,-8.59,Raw_gyro_Y_f:,-4.63,final:,9.73,Pitch:,-0.33,roll:,29.09
Raw_acc_X:,-0.25,Raw_acc_Y:,1.71,Raw_acc_Y:,-11.8,Raw_gyro_X:,-155.18,Raw_gyro_Y:,21.1,Raw_gyro_Y:,12.07,Raw_acc_X_f:,-0.09,Raw_acc_Y_f:,1.88,Raw_acc_Y_f:,-11.16,Raw_gyro_X_f:,-139.28,Raw_gyro_Y_f:,19.24,Raw_gyro_Y_f:,11,final:,11.92,Pitch:,-0.4,roll:,29.21
Raw_acc_X:,-0.04,Raw_acc_Y:,1.92,Raw_acc_Y:,-10.39,Raw_gyro_X:,81.28,Raw_gyro_Y:,-11.34,Raw_gyro_Y:,-5.12,Raw_acc_X_f:,-0.09,Raw_acc_Y_f:,1.88,Raw_acc_Y_f:,-11.07,Raw_gyro_X_f:,86.33,Raw_gyro_Y_f:,-11.73,Raw_gyro_Y_f:,-5.5,final:,10.57,Pitch:,-0.43,roll:,29.35
Raw_acc_X:,0.06,Raw_acc_Y:,2.75,Raw_acc_Y:,-9.65,Raw_gyro_X:,34.63,Raw_gyro_Y:,-5.98,Raw_gyro_Y:,-3.48,Raw_acc_X_f:,-0.07,Raw_acc_Y_f:,1.98,Raw_acc_Y_f:,-10.92,Raw_gyro_X_f:,35.26,Raw_gyro_Y_f:,-5.65,Raw_gyro_Y_f:,-3.43,final:,10.04,Pitch:,-0.4,roll:,30.14
Raw_acc_X:,-0.19,Raw_acc_Y:,2.2,Raw_acc_Y:,-11.01,Raw_gyro_X:,-119.08,Raw_gyro_Y:,17.13,Raw_gyro_Y:,10.24,Raw_acc_X_f:,-0.08,Raw_acc_Y_f:,2,Raw_acc_Y_f:,-10.93,Raw_gyro_X_f:,-105.24,Raw_gyro_Y_f:,15.51,Raw_gyro_Y_f:,9.14,final:,11.23,Pitch:,-0.42,roll:,30.68
Raw_acc_X:,-0.17,Raw_acc_Y:,2.14,Raw_acc_Y:,-10.17,Raw_gyro_X:,72.5,Raw_gyro_Y:,-11.34,Raw_gyro_Y:,-5.55,Raw_acc_X_f:,-0.09,Raw_acc_Y_f:,2.02,Raw_acc_Y_f:,-10.84,Raw_gyro_X_f:,76.71,Raw_gyro_Y_f:,-11.52,Raw_gyro_Y_f:,-5.91,final:,10.4,Pitch:,-0.45,roll:,31.1
Raw_acc_X:,0,Raw_acc_Y:,2.79,Raw_acc_Y:,-9.77,Raw_gyro_X:,18.35,Raw_gyro_Y:,-4.02,Raw_gyro_Y:,-1.46,Raw_acc_X_f:,-0.08,Raw_acc_Y_f:,2.11,Raw_acc_Y_f:,-10.72,Raw_gyro_X_f:,20.04,Raw_gyro_Y_f:,-3.73,Raw_gyro_Y_f:,-1.62,final:,10.16,Pitch:,-0.45,roll:,31.92
Raw_acc_X:,-0.03,Raw_acc_Y:,2.05,Raw_acc_Y:,-10.61,Raw_gyro_X:,-89.63,Raw_gyro_Y:,13.23,Raw_gyro_Y:,7.5,Raw_acc_X_f:,-0.08,Raw_acc_Y_f:,2.1,Raw_acc_Y_f:,-10.71,Raw_gyro_X_f:,-78.13,Raw_gyro_Y_f:,12.01,Raw_gyro_Y_f:,6.53,final:,10.81,Pitch:,-0.43,roll:,32.3
Raw_acc_X:,-0.23,Raw_acc_Y:,2.33,Raw_acc_Y:,-10.29,Raw_gyro_X:,61.95,Raw_gyro_Y:,-10,Raw_gyro_Y:,-4.94,Raw_acc_X_f:,-0.09,Raw_acc_Y_f:,2.13,Raw_acc_Y_f:,-10.66,Raw_gyro_X_f:,65.26,Raw_gyro_Y_f:,-9.96,Raw_gyro_Y_f:,-5.25,final:,10.56,Pitch:,-0.46,roll:,32.68
Raw_acc_X:,0.04,Raw_acc_Y:,2.68,Raw_acc_Y:,-9.82,Raw_gyro_X:,-1.52,Raw_gyro_Y:,-0.49,Raw_gyro_Y:,0.06,Raw_acc_X_f:,-0.08,Raw_acc_Y_f:,2.19,Raw_acc_Y_f:,-10.57,Raw_gyro_X_f:,1.58,Raw_gyro_Y_f:,-0.4,Raw_gyro_Y_f:,-0.23,final:,10.18,Pitch:,-0.44,roll:,33.3
Raw_acc_X:,0.18,Raw_acc_Y:,1.94,Raw_acc_Y:,-9.9,Raw_gyro_X:,-12.74,Raw_gyro_Y:,-6.89,Raw_gyro_Y:,3.35,Raw_acc_X_f:,-0.05,Raw_acc_Y_f:,2.16,Raw_acc_Y_f:,-10.5,Raw_gyro_X_f:,-8.56,Raw_gyro_Y_f:,-6.04,Raw_gyro_Y_f:,2.73,final:,10.09,Pitch:,-0.36,roll:,33.5
Raw_acc_X:,-0.43,Raw_acc_Y:,2.55,Raw_acc_Y:,-9.97,Raw_gyro_X:,-6.71,Raw_gyro_Y:,3.17,Raw_gyro_Y:,-10.98,Raw_acc_X_f:,-0.09,Raw_acc_Y_f:,2.2,Raw_acc_Y_f:,-10.44,Raw_gyro_X_f:,-2.24,Raw_gyro_Y_f:,3.57,Raw_gyro_Y_f:,-10.31,final:,10.3,Pitch:,-0.43,roll:,33.9
Raw_acc_X:,0.05,Raw_acc_Y:,2.48,Raw_acc_Y:,-9.99,Raw_gyro_X:,-1.34,Raw_gyro_Y:,2.62,Raw_gyro_Y:,-35.98,Raw_acc_X_f:,-0.08,Raw_acc_Y_f:,2.23,Raw_acc_Y_f:,-10.39,Raw_gyro_X_f:,2.78,Raw_gyro_Y_f:,2.68,Raw_gyro_Y_f:,-31.37,final:,10.29,Pitch:,-0.42,roll:,34.31
Raw_acc_X:,0.42,Raw_acc_Y:,1.75,Raw_acc_Y:,-11.75,Raw_gyro_X:,-11.04,Raw_gyro_Y:,-6.65,Raw_gyro_Y:,10,Raw_acc_X_f:,-0.02,Raw_acc_Y_f:,2.18,Raw_acc_Y_f:,-10.54,Raw_gyro_X_f:,-6.15,Raw_gyro_Y_f:,-5.85,Raw_gyro_Y_f:,12.98,final:,11.89,Pitch:,-0.27,roll:,34.1
Raw_acc_X:,-0.14,Raw_acc_Y:,-0.02,Raw_acc_Y:,-10.82,Raw_gyro_X:,58.11,Raw_gyro_Y:,-5.73,Raw_gyro_Y:,-1.1,Raw_acc_X_f:,-0.04,Raw_acc_Y_f:,1.93,Raw_acc_Y_f:,-10.57,Raw_gyro_X_f:,55.97,Raw_gyro_Y_f:,-4.39,Raw_gyro_Y_f:,1.67,final:,10.82,Pitch:,-0.23,roll:,32.42
Raw_acc_X:,-0.76,Raw_acc_Y:,-2.47,Raw_acc_Y:,-10.37,Raw_gyro_X:,131.1,Raw_gyro_Y:,-4.09,Raw_gyro_Y:,1.1,Raw_acc_X_f:,-0.12,Raw_acc_Y_f:,1.44,Raw_acc_Y_f:,-10.55,Raw_gyro_X_f:,114.56,Raw_gyro_Y_f:,-2.43,Raw_gyro_Y_f:,3.43,final:,10.69,Pitch:,-0.43,roll:,28.19
Raw_acc_X:,0.57,Raw_acc_Y:,-5.82,Raw_acc_Y:,-7.44,Raw_gyro_X:,24.82,Raw_gyro_Y:,0.98,Raw_gyro_Y:,2.93,Raw_acc_X_f:,-0.04,Raw_acc_Y_f:,0.63,Raw_acc_Y_f:,-10.2,Raw_gyro_X_f:,7.35,Raw_gyro_Y_f:,2.33,Raw_gyro_Y_f:,4.68,final:,9.46,Pitch:,-0.32,roll:,19.69
Raw_acc_X:,-0.66,Raw_acc_Y:,-7.44,Raw_acc_Y:,-7.66,Raw_gyro_X:,-22.68,Raw_gyro_Y:,-2.44,Raw_gyro_Y:,40.12,Raw_acc_X_f:,-0.11,Raw_acc_Y_f:,-0.27,Raw_acc_Y_f:,-9.92,Raw_gyro_X_f:,-35.66,Raw_gyro_Y_f:,-0.96,Raw_gyro_Y_f:,37.2,final:,10.7,Pitch:,-0.48,roll:,7.4
Raw_acc_X:,-0.45,Raw_acc_Y:,-6.41,Raw_acc_Y:,-7.4,Raw_gyro_X:,-13.54,Raw_gyro_Y:,5.24,Raw_gyro_Y:,11.4,Raw_acc_X_f:,-0.15,Raw_acc_Y_f:,-0.95,Raw_acc_Y_f:,-9.64,Raw_gyro_X_f:,-23.56,Raw_gyro_Y_f:,5.97,Raw_gyro_Y_f:,7.53,final:,9.8,Pitch:,-0.67,roll:,-4.85
Raw_acc_X:,-0.94,Raw_acc_Y:,-6.51,Raw_acc_Y:,-7.69,Raw_gyro_X:,-16.89,Raw_gyro_Y:,5.49,Raw_gyro_Y:,0.12,Raw_acc_X_f:,-0.24,Raw_acc_Y_f:,-1.58,Raw_acc_Y_f:,-9.42,Raw_gyro_X_f:,-23.91,Raw_gyro_Y_f:,5.52,Raw_gyro_Y_f:,-3.33,final:,10.12,Pitch:,-1.04,roll:,-16.01
Raw_acc_X:,-0.77,Raw_acc_Y:,-6.19,Raw_acc_Y:,-7.69,Raw_gyro_X:,6.16,Raw_gyro_Y:,2.74,Raw_gyro_Y:,0.91,Raw_acc_X_f:,-0.29,Raw_acc_Y_f:,-2.09,Raw_acc_Y_f:,-9.23,Raw_gyro_X_f:,-0.76,Raw_gyro_Y_f:,2.47,Raw_gyro_Y_f:,-2.26,final:,9.9,Pitch:,-1.41,roll:,-25.27
Raw_acc_X:,-0.52,Raw_acc_Y:,-6.96,Raw_acc_Y:,-7.44,Raw_gyro_X:,2.62,Raw_gyro_Y:,-2.13,Raw_gyro_Y:,3.84,Raw_acc_X_f:,-0.32,Raw_acc_Y_f:,-2.63,Raw_acc_Y_f:,-9.03,Raw_gyro_X_f:,-3.82,Raw_gyro_Y_f:,-2.14,Raw_gyro_Y_f:,0.6,final:,10.2,Pitch:,-1.68,roll:,-33.25
Raw_acc_X:,-1.05,Raw_acc_Y:,-6.83,Raw_acc_Y:,-7.31,Raw_gyro_X:,-9.15,Raw_gyro_Y:,-0.91,Raw_gyro_Y:,-1.1,Raw_acc_X_f:,-0.4,Raw_acc_Y_f:,-3.1,Raw_acc_Y_f:,-8.83,Raw_gyro_X_f:,-13.85,Raw_gyro_Y_f:,-0.82,Raw_gyro_Y_f:,-3.86,final:,10.06,Pitch:,-2.07,roll:,-39.73
Raw_acc_X:,-3.18,Raw_acc_Y:,-0.59,Raw_acc_Y:,-13.27,Raw_gyro_X:,-250.49,Raw_gyro_Y:,17.74,Raw_gyro_Y:,17.87,Raw_acc_X_f:,-0.71,Raw_acc_Y_f:,-2.82,Raw_acc_Y_f:,-9.33,Raw_gyro_X_f:,-226.7,Raw_gyro_Y_f:,15.85,Raw_gyro_Y_f:,13.42,final:,13.66,Pitch:,-3.12,roll:,-41.21
Raw_acc_X:,-0.12,Raw_acc_Y:,1.01,Raw_acc_Y:,-9.12,Raw_gyro_X:,-34.82,Raw_gyro_Y:,8.41,Raw_gyro_Y:,3.35,Raw_acc_X_f:,-0.65,Raw_acc_Y_f:,-2.39,Raw_acc_Y_f:,-9.31,Raw_gyro_X_f:,-9.8,Raw_gyro_Y_f:,5.79,Raw_gyro_Y_f:,-0.97,final:,9.17,Pitch:,-3.48,roll:,-39.65
Raw_acc_X:,-0.27,Raw_acc_Y:,2.92,Raw_acc_Y:,-12.31,Raw_gyro_X:,185.06,Raw_gyro_Y:,-23.11,Raw_gyro_Y:,-9.63,Raw_acc_X_f:,-0.6,Raw_acc_Y_f:,-1.8,Raw_acc_Y_f:,-9.64,Raw_gyro_X_f:,186.63,Raw_gyro_Y_f:,-22.86,Raw_gyro_Y_f:,-12.4,final:,12.66,Pitch:,-3.5,roll:,-34.88
Raw_acc_X:,-0.1,Raw_acc_Y:,1.76,Raw_acc_Y:,-10.91,Raw_gyro_X:,-137.74,Raw_gyro_Y:,17.56,Raw_gyro_Y:,25.91,Raw_acc_X_f:,-0.55,Raw_acc_Y_f:,-1.4,Raw_acc_Y_f:,-9.78,Raw_gyro_X_f:,-120.97,Raw_gyro_Y_f:,15.82,Raw_gyro_Y_f:,20.56,final:,11.05,Pitch:,-3.34,roll:,-29.52
Raw_acc_X:,-0.13,Raw_acc_Y:,1.26,Raw_acc_Y:,-9.96,Raw_gyro_X:,-22.5,Raw_gyro_Y:,-0.73,Raw_gyro_Y:,7.56,Raw_acc_X_f:,-0.5,Raw_acc_Y_f:,-1.11,Raw_acc_Y_f:,-9.8,Raw_gyro_X_f:,-5.09,Raw_gyro_Y_f:,-2.19,Raw_gyro_Y_f:,1.96,final:,10.04,Pitch:,-3.12,roll:,-24.49
Raw_acc_X:,-0.39,Raw_acc_Y:,2.61,Raw_acc_Y:,-10.65,Raw_gyro_X:,102.13,Raw_gyro_Y:,-11.34,Raw_gyro_Y:,-7.01,Raw_acc_X_f:,-0.49,Raw_acc_Y_f:,-0.69,Raw_acc_Y_f:,-9.9,Raw_gyro_X_f:,106.2,Raw_gyro_Y_f:,-11.37,Raw_gyro_Y_f:,-11.2,final:,10.98,Pitch:,-2.97,roll:,-18.44
Raw_acc_X:,0.02,Raw_acc_Y:,2.63,Raw_acc_Y:,-10.82,Raw_gyro_X:,-102.62,Raw_gyro_Y:,14.02,Raw_gyro_Y:,7.38,Raw_acc_X_f:,-0.43,Raw_acc_Y_f:,-0.32,Raw_acc_Y_f:,-10,Raw_gyro_X_f:,-87.56,Raw_gyro_Y_f:,12.43,Raw_gyro_Y_f:,2.83,final:,11.14,Pitch:,-2.72,roll:,-12.11
Raw_acc_X:,-0.12,Raw_acc_Y:,2.04,Raw_acc_Y:,-9.68,Raw_gyro_X:,1.22,Raw_gyro_Y:,-2.13,Raw_gyro_Y:,2.44,Raw_acc_X_f:,-0.4,Raw_acc_Y_f:,-0.06,Raw_acc_Y_f:,-9.96,Raw_gyro_X_f:,14.47,Raw_gyro_Y_f:,-3.31,Raw_gyro_Y_f:,-1.87,final:,9.89,Pitch:,-2.5,roll:,-6.57
Raw_acc_X:,-0.02,Raw_acc_Y:,2.95,Raw_acc_Y:,-10.25,Raw_gyro_X:,74.82,Raw_gyro_Y:,-8.78,Raw_gyro_Y:,-4.09,Raw_acc_X_f:,-0.36,Raw_acc_Y_f:,0.28,Raw_acc_Y_f:,-10,Raw_gyro_X_f:,78.23,Raw_gyro_Y_f:,-8.85,Raw_gyro_Y_f:,-7.46,final:,10.66,Pitch:,-2.27,roll:,-0.77
Raw_acc_X:,0.96,Raw_acc_Y:,-0.58,Raw_acc_Y:,-11.19,Raw_gyro_X:,-72.56,Raw_gyro_Y:,13.66,Raw_gyro_Y:,14.39,Raw_acc_X_f:,-0.21,Raw_acc_Y_f:,0.18,Raw_acc_Y_f:,-10.13,Raw_gyro_X_f:,-61.42,Raw_gyro_Y_f:,12.07,Raw_gyro_Y_f:,9.79,final:,11.25,Pitch:,-1.73,roll:,1.25
Raw_acc_X:,-0.32,Raw_acc_Y:,3.78,Raw_acc_Y:,-9.81,Raw_gyro_X:,-65.67,Raw_gyro_Y:,-0.79,Raw_gyro_Y:,0.98,Raw_acc_X_f:,-0.22,Raw_acc_Y_f:,0.58,Raw_acc_Y_f:,-10.09,Raw_gyro_X_f:,-48.45,Raw_gyro_Y_f:,-2.11,Raw_gyro_Y_f:,-3.22,final:,10.52,Pitch:,-1.49,roll:,5.83
Raw_acc_X:,0.58,Raw_acc_Y:,6.17,Raw_acc_Y:,-8.38,Raw_gyro_X:,-41.28,Raw_gyro_Y:,4.7,Raw_gyro_Y:,3.72,Raw_acc_X_f:,-0.13,Raw_acc_Y_f:,1.21,Raw_acc_Y_f:,-9.9,Raw_gyro_X_f:,-21.37,Raw_gyro_Y_f:,3,Raw_gyro_Y_f:,-0.43,final:,10.42,Pitch:,-1.13,roll:,13.41
Raw_acc_X:,1.39,Raw_acc_Y:,1.49,Raw_acc_Y:,-10.33,Raw_gyro_X:,79.57,Raw_gyro_Y:,0.49,Raw_gyro_Y:,-11.59,Raw_acc_X_f:,0.04,Raw_acc_Y_f:,1.24,Raw_acc_Y_f:,-9.95,Raw_gyro_X_f:,88.38,Raw_gyro_Y_f:,-1.07,Raw_gyro_Y_f:,-13.97,final:,10.53,Pitch:,-0.45,roll:,17.43
Raw_acc_X:,0.89,Raw_acc_Y:,0.36,Raw_acc_Y:,-11.84,Raw_gyro_X:,158.72,Raw_gyro_Y:,-13.72,Raw_gyro_Y:,8.35,Raw_acc_X_f:,0.13,Raw_acc_Y_f:,1.14,Raw_acc_Y_f:,-10.16,Raw_gyro_X_f:,148.82,Raw_gyro_Y_f:,-13.57,Raw_gyro_Y_f:,5.3,final:,11.88,Pitch:,0.14,roll:,18.56
Raw_acc_X:,-0.68,Raw_acc_Y:,-6.01,Raw_acc_Y:,-8.3,Raw_gyro_X:,99.76,Raw_gyro_Y:,-4.63,Raw_gyro_Y:,-5.18,Raw_acc_X_f:,0.04,Raw_acc_Y_f:,0.34,Raw_acc_Y_f:,-9.95,Raw_gyro_X_f:,79.83,Raw_gyro_Y_f:,-3.99,Raw_gyro_Y_f:,-7.32,final:,10.27,Pitch:,0.19,roll:,12.38
Raw_acc_X:,-0.19,Raw_acc_Y:,-5.19,Raw_acc_Y:,-4.5,Raw_gyro_X:,-26.65,Raw_gyro_Y:,-2.8,Raw_gyro_Y:,-2.68,Raw_acc_X_f:,0.02,Raw_acc_Y_f:,-0.28,Raw_acc_Y_f:,-9.34,Raw_gyro_X_f:,-41.38,Raw_gyro_Y_f:,-1.92,Raw_gyro_Y_f:,-4.28,final:,6.87,Pitch:,0.14,roll:,3.62
Raw_acc_X:,-1.31,Raw_acc_Y:,5.18,Raw_acc_Y:,-23.2,Raw_gyro_X:,-381.95,Raw_gyro_Y:,16.83,Raw_gyro_Y:,211.16,Raw_acc_X_f:,-0.13,Raw_acc_Y_f:,0.33,Raw_acc_Y_f:,-10.89,Raw_gyro_X_f:,-352.39,Raw_gyro_Y_f:,15.74,Raw_gyro_Y_f:,186.17,final:,23.8,Pitch:,-0.28,roll:,4.7
Raw_acc_X:,0.21,Raw_acc_Y:,2.66,Raw_acc_Y:,-14.45,Raw_gyro_X:,269.69,Raw_gyro_Y:,-80.18,Raw_gyro_Y:,-23.6,Raw_acc_X_f:,-0.09,Raw_acc_Y_f:,0.59,Raw_acc_Y_f:,-11.29,Raw_gyro_X_f:,265.84,Raw_gyro_Y_f:,-72.2,Raw_gyro_Y_f:,-43.16,final:,14.7,Pitch:,-0.38,roll:,7.35
Raw_acc_X:,0.73,Raw_acc_Y:,4.02,Raw_acc_Y:,-7.08,Raw_gyro_X:,-14.09,Raw_gyro_Y:,1.34,Raw_gyro_Y:,-4.94,Raw_acc_X_f:,0,Raw_acc_Y_f:,0.98,Raw_acc_Y_f:,-10.82,Raw_gyro_X_f:,-15.94,Raw_gyro_Y_f:,8.28,Raw_gyro_Y_f:,-21.77,final:,8.17,Pitch:,-0.2,roll:,11.94
Raw_acc_X:,-0.23,Raw_acc_Y:,0.07,Raw_acc_Y:,-12.62,Raw_gyro_X:,-173.66,Raw_gyro_Y:,50.98,Raw_gyro_Y:,7.8,Raw_acc_X_f:,-0.03,Raw_acc_Y_f:,0.87,Raw_acc_Y_f:,-11.02,Raw_gyro_X_f:,-155.91,Raw_gyro_Y_f:,51.45,Raw_gyro_Y_f:,-8.02,final:,12.63,Pitch:,-0.17,roll:,13.34
Raw_acc_X:,0.11,Raw_acc_Y:,2.86,Raw_acc_Y:,-13.17,Raw_gyro_X:,193.11,Raw_gyro_Y:,-60.97,Raw_gyro_Y:,-17.19,Raw_acc_X_f:,-0.01,Raw_acc_Y_f:,1.1,Raw_acc_Y_f:,-11.26,Raw_gyro_X_f:,187.31,Raw_gyro_Y_f:,-53.75,Raw_gyro_Y_f:,-29.33,final:,13.47,Pitch:,-0.12,roll:,15.71
Raw_acc_X:,0.18,Raw_acc_Y:,2.89,Raw_acc_Y:,-9.97,Raw_gyro_X:,-105.06,Raw_gyro_Y:,30.43,Raw_gyro_Y:,11.04,Raw_acc_X_f:,0.01,Raw_acc_Y_f:,1.3,Raw_acc_Y_f:,-11.12,Raw_gyro_X_f:,-98.48,Raw_gyro_Y_f:,33.45,Raw_gyro_Y_f:,-0.98,final:,10.38,Pitch:,-0.04,roll:,18.47
Raw_acc_X:,-0.59,Raw_acc_Y:,0.11,Raw_acc_Y:,-10.08,Raw_gyro_X:,-29.88,Raw_gyro_Y:,8.78,Raw_gyro_Y:,2.2,Raw_acc_X_f:,-0.06,Raw_acc_Y_f:,1.16,Raw_acc_Y_f:,-11,Raw_gyro_X_f:,-20.7,Raw_gyro_Y_f:,10.49,Raw_gyro_Y_f:,-8.72,final:,10.1,Pitch:,-0.17,roll:,18.9
Raw_acc_X:,0.11,Raw_acc_Y:,2.93,Raw_acc_Y:,-10.67,Raw_gyro_X:,96.16,Raw_gyro_Y:,-30.37,Raw_gyro_Y:,-9.76,Raw_acc_X_f:,-0.04,Raw_acc_Y_f:,1.36,Raw_acc_Y_f:,-10.96,Raw_gyro_X_f:,93.58,Raw_gyro_Y_f:,-25.46,Raw_gyro_Y_f:,-18.37,final:,11.06,Pitch:,-0.19,roll:,20.62
Raw_acc_X:,-0.22,Raw_acc_Y:,1.62,Raw_acc_Y:,-10.83,Raw_gyro_X:,-96.34,Raw_gyro_Y:,28.96,Raw_gyro_Y:,9.63,Raw_acc_X_f:,-0.06,Raw_acc_Y_f:,1.39,Raw_acc_Y_f:,-10.95,Raw_gyro_X_f:,-87.88,Raw_gyro_Y_f:,30.09,Raw_gyro_Y_f:,0.91,final:,10.96,Pitch:,-0.25,roll:,21.7
Raw_acc_X:,-0.32,Raw_acc_Y:,1.2,Raw_acc_Y:,-10.39,Raw_gyro_X:,43.05,Raw_gyro_Y:,-14.57,Raw_gyro_Y:,-3.96,Raw_acc_X_f:,-0.09,Raw_acc_Y_f:,1.37,Raw_acc_Y_f:,-10.89,Raw_gyro_X_f:,45.76,Raw_gyro_Y_f:,-11.95,Raw_gyro_Y_f:,-11.27,final:,10.46,Pitch:,-0.36,roll:,22.11
Raw_acc_X:,0.13,Raw_acc_Y:,2.5,Raw_acc_Y:,-9.87,Raw_gyro_X:,-2.2,Raw_gyro_Y:,-0.24,Raw_gyro_Y:,0.73,Raw_acc_X_f:,-0.06,Raw_acc_Y_f:,1.49,Raw_acc_Y_f:,-10.77,Raw_gyro_X_f:,0.46,Raw_gyro_Y_f:,2.12,Raw_gyro_Y_f:,-5.84,final:,10.19,Pitch:,-0.35,roll:,23.3
Raw_acc_X:,-0.46,Raw_acc_Y:,1.06,Raw_acc_Y:,-10.35,Raw_gyro_X:,-35.3,Raw_gyro_Y:,8.48,Raw_gyro_Y:,3.35,Raw_acc_X_f:,-0.11,Raw_acc_Y_f:,1.45,Raw_acc_Y_f:,-10.73,Raw_gyro_X_f:,-29,Raw_gyro_Y_f:,9.63,Raw_gyro_Y_f:,-2.86,final:,10.41,Pitch:,-0.46,roll:,23.57
Raw_acc_X:,0.05,Raw_acc_Y:,2.01,Raw_acc_Y:,-10.25,Raw_gyro_X:,31.46,Raw_gyro_Y:,-8.66,Raw_gyro_Y:,-2.44,Raw_acc_X_f:,-0.09,Raw_acc_Y_f:,1.51,Raw_acc_Y_f:,-10.67,Raw_gyro_X_f:,33.55,Raw_gyro_Y_f:,-6.67,Raw_gyro_Y_f:,-7.69,final:,10.44,Pitch:,-0.47,roll:,24.18
Raw_acc_X:,-0.35,Raw_acc_Y:,1.8,Raw_acc_Y:,-10.15,Raw_gyro_X:,-27.93,Raw_gyro_Y:,6.77,Raw_gyro_Y:,2.99,Raw_acc_X_f:,-0.12,Raw_acc_Y_f:,1.54,Raw_acc_Y_f:,-10.61,Raw_gyro_X_f:,-22.96,Raw_gyro_Y_f:,7.78,Raw_gyro_Y_f:,-2.01,final:,10.32,Pitch:,-0.56,roll:,24.75
Raw_acc_X:,-0.14,Raw_acc_Y:,1.48,Raw_acc_Y:,-10.27,Raw_gyro_X:,3.84,Raw_gyro_Y:,-2.5,Raw_gyro_Y:,-0.55,Raw_acc_X_f:,-0.12,Raw_acc_Y_f:,1.53,Raw_acc_Y_f:,-10.58,Raw_gyro_X_f:,7.83,Raw,,,,,,,,,
